{
  "__bookshelf__": {
    "feature": true,
    "documentation": "https://docs.mcbookshelf.dev/en/latest/modules/hitbox.html#entities",
    "authors": [
      "Aksiome"
    ],
    "created": {
      "date": "2024/10/28",
      "minecraft_version": "1.21.2"
    },
    "updated": {
      "date": "2024/10/28",
      "minecraft_version": "1.21.2"
    }
  },
  "values": [
    "#bs.hitbox:size/arrow_like",
    "#bs.hitbox:size/bat_like",
    "#bs.hitbox:size/boat",
    "#bs.hitbox:size/cat_like",
    "#bs.hitbox:size/cow_like",
    "#bs.hitbox:size/falling_block_like",
    "#bs.hitbox:size/hoglin",
    "#bs.hitbox:size/horse_like",
    "#bs.hitbox:size/item_like",
    "#bs.hitbox:size/llama",
    "#bs.hitbox:size/minecart",
    "#bs.hitbox:size/shulker_like",
    "#bs.hitbox:size/silverfish_like",
    "#bs.hitbox:size/skeleton",
    "#bs.hitbox:size/slime_like",
    "#bs.hitbox:size/small_fireball_like",
    "#bs.hitbox:size/zombie_like",
    "minecraft:allay",
    "minecraft:area_effect_cloud",
    "minecraft:armadillo",
    "minecraft:armor_stand",
    "minecraft:axolotl",
    "minecraft:bee",
    "minecraft:blaze",
    "minecraft:breeze",
    "minecraft:camel",
    "minecraft:cave_spider",
    "minecraft:chicken",
    "minecraft:cod",
    "minecraft:creaking",
    "minecraft:creeper",
    "minecraft:dolphin",
    "minecraft:donkey",
    "minecraft:elder_guardian",
    "minecraft:end_crystal",
    "minecraft:ender_dragon",
    "minecraft:enderman",
    "minecraft:evoker_fangs",
    "minecraft:frog",
    "minecraft:ghast",
    "minecraft:giant",
    "minecraft:goat",
    "minecraft:guardian",
    "minecraft:interaction",
    "minecraft:iron_golem",
    "minecraft:leash_knot",
    "minecraft:panda",
    "minecraft:phantom",
    "minecraft:pig",
    "minecraft:player",
    "minecraft:polar_bear",
    "minecraft:pufferfish",
    "minecraft:rabbit",
    "minecraft:ravager",
    "minecraft:salmon",
    "minecraft:sheep",
    "minecraft:sniffer",
    "minecraft:snow_golem",
    "minecraft:spider",
    "minecraft:squid",
    "minecraft:strider",
    "minecraft:tadpole",
    "minecraft:tropical_fish",
    "minecraft:turtle",
    "minecraft:vex",
    "minecraft:villager",
    "minecraft:warden",
    "minecraft:wither_skeleton",
    "minecraft:wither",
    "minecraft:wolf"
  ]
}
