{
  "pools": [
    {
      "rolls": 1,
      "entries": [
        {
          "type": "alternatives",
          "children": [
            {
              "type": "alternatives",
              "children": [
                {
                  "type": "alternatives",
                  "children": [
                    {
                      "type": "alternatives",
                      "children": [
                        {
                          "type": "item",
                          "name": "egg",
                          "functions": [
                            {
                              "function": "set_custom_data",
                              "tag": "{\"interaction_shape\":[[0.0d,0.0d,3.0d,1.0d,16.0d,13.0d],[1.0d,0.0d,3.0d,16.0d,1.0d,13.0d],[3.0d,0.0d,0.0d,13.0d,16.0d,1.0d],[3.0d,0.0d,1.0d,13.0d,1.0d,16.0d],[3.0d,1.0d,15.0d,13.0d,16.0d,16.0d],[15.0d,1.0d,3.0d,16.0d,16.0d,13.0d]]}"
                            }
                          ],
                          "conditions": [
                            {
                              "condition": "location_check",
                              "predicate": {
                                "block": {
                                  "state": {
                                    "south": "up"
                                  }
                                }
                              }
                            }
                          ]
                        },
                        {
                          "type": "item",
                          "name": "egg",
                          "functions": [
                            {
                              "function": "set_custom_data",
                              "tag": "{\"interaction_shape\":[[0.0d,0.0d,3.0d,1.0d,16.0d,13.0d],[1.0d,0.0d,3.0d,16.0d,1.0d,13.0d],[3.0d,0.0d,0.0d,13.0d,16.0d,1.0d],[3.0d,0.0d,1.0d,13.0d,1.0d,16.0d],[15.0d,1.0d,3.0d,16.0d,16.0d,13.0d]]}"
                            }
                          ],
                          "conditions": [
                            {
                              "condition": "location_check",
                              "predicate": {
                                "block": {
                                  "state": {
                                    "south": "side"
                                  }
                                }
                              }
                            }
                          ]
                        },
                        {
                          "type": "item",
                          "name": "egg",
                          "functions": [
                            {
                              "function": "set_custom_data",
                              "tag": "{\"interaction_shape\":[[0.0d,0.0d,3.0d,1.0d,16.0d,13.0d],[1.0d,0.0d,3.0d,16.0d,1.0d,13.0d],[3.0d,0.0d,0.0d,13.0d,16.0d,1.0d],[3.0d,0.0d,1.0d,13.0d,1.0d,13.0d],[15.0d,1.0d,3.0d,16.0d,16.0d,13.0d]]}"
                            }
                          ]
                        }
                      ],
                      "conditions": [
                        {
                          "condition": "location_check",
                          "predicate": {
                            "block": {
                              "state": {
                                "east": "up"
                              }
                            }
                          }
                        }
                      ]
                    },
                    {
                      "type": "alternatives",
                      "children": [
                        {
                          "type": "item",
                          "name": "egg",
                          "functions": [
                            {
                              "function": "set_custom_data",
                              "tag": "{\"interaction_shape\":[[0.0d,0.0d,3.0d,1.0d,16.0d,13.0d],[1.0d,0.0d,3.0d,16.0d,1.0d,13.0d],[3.0d,0.0d,0.0d,13.0d,16.0d,1.0d],[3.0d,0.0d,1.0d,13.0d,1.0d,16.0d],[3.0d,1.0d,15.0d,13.0d,16.0d,16.0d]]}"
                            }
                          ],
                          "conditions": [
                            {
                              "condition": "location_check",
                              "predicate": {
                                "block": {
                                  "state": {
                                    "south": "up"
                                  }
                                }
                              }
                            }
                          ]
                        },
                        {
                          "type": "item",
                          "name": "egg",
                          "functions": [
                            {
                              "function": "set_custom_data",
                              "tag": "{\"interaction_shape\":[[0.0d,0.0d,3.0d,1.0d,16.0d,13.0d],[1.0d,0.0d,3.0d,16.0d,1.0d,13.0d],[3.0d,0.0d,0.0d,13.0d,16.0d,1.0d],[3.0d,0.0d,1.0d,13.0d,1.0d,16.0d]]}"
                            }
                          ],
                          "conditions": [
                            {
                              "condition": "location_check",
                              "predicate": {
                                "block": {
                                  "state": {
                                    "south": "side"
                                  }
                                }
                              }
                            }
                          ]
                        },
                        {
                          "type": "item",
                          "name": "egg",
                          "functions": [
                            {
                              "function": "set_custom_data",
                              "tag": "{\"interaction_shape\":[[0.0d,0.0d,3.0d,1.0d,16.0d,13.0d],[1.0d,0.0d,3.0d,16.0d,1.0d,13.0d],[3.0d,0.0d,0.0d,13.0d,16.0d,1.0d],[3.0d,0.0d,1.0d,13.0d,1.0d,13.0d]]}"
                            }
                          ]
                        }
                      ],
                      "conditions": [
                        {
                          "condition": "location_check",
                          "predicate": {
                            "block": {
                              "state": {
                                "east": "side"
                              }
                            }
                          }
                        }
                      ]
                    },
                    {
                      "type": "alternatives",
                      "children": [
                        {
                          "type": "item",
                          "name": "egg",
                          "functions": [
                            {
                              "function": "set_custom_data",
                              "tag": "{\"interaction_shape\":[[0.0d,0.0d,3.0d,1.0d,16.0d,13.0d],[1.0d,0.0d,3.0d,13.0d,1.0d,13.0d],[3.0d,0.0d,0.0d,13.0d,16.0d,1.0d],[3.0d,0.0d,1.0d,13.0d,1.0d,16.0d],[3.0d,1.0d,15.0d,13.0d,16.0d,16.0d]]}"
                            }
                          ],
                          "conditions": [
                            {
                              "condition": "location_check",
                              "predicate": {
                                "block": {
                                  "state": {
                                    "south": "up"
                                  }
                                }
                              }
                            }
                          ]
                        },
                        {
                          "type": "item",
                          "name": "egg",
                          "functions": [
                            {
                              "function": "set_custom_data",
                              "tag": "{\"interaction_shape\":[[0.0d,0.0d,3.0d,1.0d,16.0d,13.0d],[1.0d,0.0d,3.0d,13.0d,1.0d,13.0d],[3.0d,0.0d,0.0d,13.0d,16.0d,1.0d],[3.0d,0.0d,1.0d,13.0d,1.0d,16.0d]]}"
                            }
                          ],
                          "conditions": [
                            {
                              "condition": "location_check",
                              "predicate": {
                                "block": {
                                  "state": {
                                    "south": "side"
                                  }
                                }
                              }
                            }
                          ]
                        },
                        {
                          "type": "item",
                          "name": "egg",
                          "functions": [
                            {
                              "function": "set_custom_data",
                              "tag": "{\"interaction_shape\":[[0.0d,0.0d,3.0d,1.0d,16.0d,13.0d],[1.0d,0.0d,3.0d,13.0d,1.0d,13.0d],[3.0d,0.0d,0.0d,13.0d,16.0d,1.0d],[3.0d,0.0d,1.0d,13.0d,1.0d,13.0d]]}"
                            }
                          ]
                        }
                      ]
                    }
                  ],
                  "conditions": [
                    {
                      "condition": "location_check",
                      "predicate": {
                        "block": {
                          "state": {
                            "west": "up"
                          }
                        }
                      }
                    }
                  ]
                },
                {
                  "type": "alternatives",
                  "children": [
                    {
                      "type": "alternatives",
                      "children": [
                        {
                          "type": "item",
                          "name": "egg",
                          "functions": [
                            {
                              "function": "set_custom_data",
                              "tag": "{\"interaction_shape\":[[0.0d,0.0d,3.0d,16.0d,1.0d,13.0d],[3.0d,0.0d,0.0d,13.0d,16.0d,1.0d],[3.0d,0.0d,1.0d,13.0d,1.0d,16.0d],[3.0d,1.0d,15.0d,13.0d,16.0d,16.0d],[15.0d,1.0d,3.0d,16.0d,16.0d,13.0d]]}"
                            }
                          ],
                          "conditions": [
                            {
                              "condition": "location_check",
                              "predicate": {
                                "block": {
                                  "state": {
                                    "south": "up"
                                  }
                                }
                              }
                            }
                          ]
                        },
                        {
                          "type": "item",
                          "name": "egg",
                          "functions": [
                            {
                              "function": "set_custom_data",
                              "tag": "{\"interaction_shape\":[[0.0d,0.0d,3.0d,16.0d,1.0d,13.0d],[3.0d,0.0d,0.0d,13.0d,16.0d,1.0d],[3.0d,0.0d,1.0d,13.0d,1.0d,16.0d],[15.0d,1.0d,3.0d,16.0d,16.0d,13.0d]]}"
                            }
                          ],
                          "conditions": [
                            {
                              "condition": "location_check",
                              "predicate": {
                                "block": {
                                  "state": {
                                    "south": "side"
                                  }
                                }
                              }
                            }
                          ]
                        },
                        {
                          "type": "item",
                          "name": "egg",
                          "functions": [
                            {
                              "function": "set_custom_data",
                              "tag": "{\"interaction_shape\":[[0.0d,0.0d,3.0d,16.0d,1.0d,13.0d],[3.0d,0.0d,0.0d,13.0d,16.0d,1.0d],[3.0d,0.0d,1.0d,13.0d,1.0d,13.0d],[15.0d,1.0d,3.0d,16.0d,16.0d,13.0d]]}"
                            }
                          ]
                        }
                      ],
                      "conditions": [
                        {
                          "condition": "location_check",
                          "predicate": {
                            "block": {
                              "state": {
                                "east": "up"
                              }
                            }
                          }
                        }
                      ]
                    },
                    {
                      "type": "alternatives",
                      "children": [
                        {
                          "type": "item",
                          "name": "egg",
                          "functions": [
                            {
                              "function": "set_custom_data",
                              "tag": "{\"interaction_shape\":[[0.0d,0.0d,3.0d,16.0d,1.0d,13.0d],[3.0d,0.0d,0.0d,13.0d,16.0d,1.0d],[3.0d,0.0d,1.0d,13.0d,1.0d,16.0d],[3.0d,1.0d,15.0d,13.0d,16.0d,16.0d]]}"
                            }
                          ],
                          "conditions": [
                            {
                              "condition": "location_check",
                              "predicate": {
                                "block": {
                                  "state": {
                                    "south": "up"
                                  }
                                }
                              }
                            }
                          ]
                        },
                        {
                          "type": "item",
                          "name": "egg",
                          "functions": [
                            {
                              "function": "set_custom_data",
                              "tag": "{\"interaction_shape\":[[0.0d,0.0d,3.0d,16.0d,1.0d,13.0d],[3.0d,0.0d,0.0d,13.0d,16.0d,1.0d],[3.0d,0.0d,1.0d,13.0d,1.0d,16.0d]]}"
                            }
                          ],
                          "conditions": [
                            {
                              "condition": "location_check",
                              "predicate": {
                                "block": {
                                  "state": {
                                    "south": "side"
                                  }
                                }
                              }
                            }
                          ]
                        },
                        {
                          "type": "item",
                          "name": "egg",
                          "functions": [
                            {
                              "function": "set_custom_data",
                              "tag": "{\"interaction_shape\":[[0.0d,0.0d,3.0d,16.0d,1.0d,13.0d],[3.0d,0.0d,0.0d,13.0d,16.0d,1.0d],[3.0d,0.0d,1.0d,13.0d,1.0d,13.0d]]}"
                            }
                          ]
                        }
                      ],
                      "conditions": [
                        {
                          "condition": "location_check",
                          "predicate": {
                            "block": {
                              "state": {
                                "east": "side"
                              }
                            }
                          }
                        }
                      ]
                    },
                    {
                      "type": "alternatives",
                      "children": [
                        {
                          "type": "item",
                          "name": "egg",
                          "functions": [
                            {
                              "function": "set_custom_data",
                              "tag": "{\"interaction_shape\":[[0.0d,0.0d,3.0d,13.0d,1.0d,13.0d],[3.0d,0.0d,0.0d,13.0d,16.0d,1.0d],[3.0d,0.0d,1.0d,13.0d,1.0d,16.0d],[3.0d,1.0d,15.0d,13.0d,16.0d,16.0d]]}"
                            }
                          ],
                          "conditions": [
                            {
                              "condition": "location_check",
                              "predicate": {
                                "block": {
                                  "state": {
                                    "south": "up"
                                  }
                                }
                              }
                            }
                          ]
                        },
                        {
                          "type": "item",
                          "name": "egg",
                          "functions": [
                            {
                              "function": "set_custom_data",
                              "tag": "{\"interaction_shape\":[[0.0d,0.0d,3.0d,13.0d,1.0d,13.0d],[3.0d,0.0d,0.0d,13.0d,16.0d,1.0d],[3.0d,0.0d,1.0d,13.0d,1.0d,16.0d]]}"
                            }
                          ],
                          "conditions": [
                            {
                              "condition": "location_check",
                              "predicate": {
                                "block": {
                                  "state": {
                                    "south": "side"
                                  }
                                }
                              }
                            }
                          ]
                        },
                        {
                          "type": "item",
                          "name": "egg",
                          "functions": [
                            {
                              "function": "set_custom_data",
                              "tag": "{\"interaction_shape\":[[0.0d,0.0d,3.0d,13.0d,1.0d,13.0d],[3.0d,0.0d,0.0d,13.0d,16.0d,1.0d],[3.0d,0.0d,1.0d,13.0d,1.0d,13.0d]]}"
                            }
                          ]
                        }
                      ]
                    }
                  ],
                  "conditions": [
                    {
                      "condition": "location_check",
                      "predicate": {
                        "block": {
                          "state": {
                            "west": "side"
                          }
                        }
                      }
                    }
                  ]
                },
                {
                  "type": "alternatives",
                  "children": [
                    {
                      "type": "alternatives",
                      "children": [
                        {
                          "type": "item",
                          "name": "egg",
                          "functions": [
                            {
                              "function": "set_custom_data",
                              "tag": "{\"interaction_shape\":[[3.0d,0.0d,0.0d,13.0d,16.0d,1.0d],[3.0d,0.0d,1.0d,13.0d,1.0d,16.0d],[3.0d,1.0d,15.0d,13.0d,16.0d,16.0d],[13.0d,0.0d,3.0d,16.0d,1.0d,13.0d],[15.0d,1.0d,3.0d,16.0d,16.0d,13.0d]]}"
                            }
                          ],
                          "conditions": [
                            {
                              "condition": "location_check",
                              "predicate": {
                                "block": {
                                  "state": {
                                    "south": "up"
                                  }
                                }
                              }
                            }
                          ]
                        },
                        {
                          "type": "item",
                          "name": "egg",
                          "functions": [
                            {
                              "function": "set_custom_data",
                              "tag": "{\"interaction_shape\":[[3.0d,0.0d,0.0d,13.0d,16.0d,1.0d],[3.0d,0.0d,1.0d,13.0d,1.0d,16.0d],[13.0d,0.0d,3.0d,16.0d,1.0d,13.0d],[15.0d,1.0d,3.0d,16.0d,16.0d,13.0d]]}"
                            }
                          ],
                          "conditions": [
                            {
                              "condition": "location_check",
                              "predicate": {
                                "block": {
                                  "state": {
                                    "south": "side"
                                  }
                                }
                              }
                            }
                          ]
                        },
                        {
                          "type": "item",
                          "name": "egg",
                          "functions": [
                            {
                              "function": "set_custom_data",
                              "tag": "{\"interaction_shape\":[[3.0d,0.0d,0.0d,13.0d,16.0d,1.0d],[3.0d,0.0d,1.0d,13.0d,1.0d,13.0d],[13.0d,0.0d,3.0d,16.0d,1.0d,13.0d],[15.0d,1.0d,3.0d,16.0d,16.0d,13.0d]]}"
                            }
                          ]
                        }
                      ],
                      "conditions": [
                        {
                          "condition": "location_check",
                          "predicate": {
                            "block": {
                              "state": {
                                "east": "up"
                              }
                            }
                          }
                        }
                      ]
                    },
                    {
                      "type": "alternatives",
                      "children": [
                        {
                          "type": "item",
                          "name": "egg",
                          "functions": [
                            {
                              "function": "set_custom_data",
                              "tag": "{\"interaction_shape\":[[3.0d,0.0d,0.0d,13.0d,16.0d,1.0d],[3.0d,0.0d,1.0d,13.0d,1.0d,16.0d],[3.0d,1.0d,15.0d,13.0d,16.0d,16.0d],[13.0d,0.0d,3.0d,16.0d,1.0d,13.0d]]}"
                            }
                          ],
                          "conditions": [
                            {
                              "condition": "location_check",
                              "predicate": {
                                "block": {
                                  "state": {
                                    "south": "up"
                                  }
                                }
                              }
                            }
                          ]
                        },
                        {
                          "type": "item",
                          "name": "egg",
                          "functions": [
                            {
                              "function": "set_custom_data",
                              "tag": "{\"interaction_shape\":[[3.0d,0.0d,0.0d,13.0d,16.0d,1.0d],[3.0d,0.0d,1.0d,13.0d,1.0d,16.0d],[13.0d,0.0d,3.0d,16.0d,1.0d,13.0d]]}"
                            }
                          ],
                          "conditions": [
                            {
                              "condition": "location_check",
                              "predicate": {
                                "block": {
                                  "state": {
                                    "south": "side"
                                  }
                                }
                              }
                            }
                          ]
                        },
                        {
                          "type": "item",
                          "name": "egg",
                          "functions": [
                            {
                              "function": "set_custom_data",
                              "tag": "{\"interaction_shape\":[[3.0d,0.0d,0.0d,13.0d,16.0d,1.0d],[3.0d,0.0d,1.0d,13.0d,1.0d,13.0d],[13.0d,0.0d,3.0d,16.0d,1.0d,13.0d]]}"
                            }
                          ]
                        }
                      ],
                      "conditions": [
                        {
                          "condition": "location_check",
                          "predicate": {
                            "block": {
                              "state": {
                                "east": "side"
                              }
                            }
                          }
                        }
                      ]
                    },
                    {
                      "type": "alternatives",
                      "children": [
                        {
                          "type": "item",
                          "name": "egg",
                          "functions": [
                            {
                              "function": "set_custom_data",
                              "tag": "{\"interaction_shape\":[[3.0d,0.0d,0.0d,13.0d,16.0d,1.0d],[3.0d,0.0d,1.0d,13.0d,1.0d,16.0d],[3.0d,1.0d,15.0d,13.0d,16.0d,16.0d]]}"
                            }
                          ],
                          "conditions": [
                            {
                              "condition": "location_check",
                              "predicate": {
                                "block": {
                                  "state": {
                                    "south": "up"
                                  }
                                }
                              }
                            }
                          ]
                        },
                        {
                          "type": "item",
                          "name": "egg",
                          "functions": [
                            {
                              "function": "set_custom_data",
                              "tag": "{\"interaction_shape\":[[3.0d,0.0d,0.0d,13.0d,16.0d,1.0d],[3.0d,0.0d,1.0d,13.0d,1.0d,16.0d]]}"
                            }
                          ],
                          "conditions": [
                            {
                              "condition": "location_check",
                              "predicate": {
                                "block": {
                                  "state": {
                                    "south": "side"
                                  }
                                }
                              }
                            }
                          ]
                        },
                        {
                          "type": "item",
                          "name": "egg",
                          "functions": [
                            {
                              "function": "set_custom_data",
                              "tag": "{\"interaction_shape\":[[3.0d,0.0d,0.0d,13.0d,16.0d,1.0d],[3.0d,0.0d,1.0d,13.0d,1.0d,13.0d]]}"
                            }
                          ]
                        }
                      ]
                    }
                  ]
                }
              ],
              "conditions": [
                {
                  "condition": "location_check",
                  "predicate": {
                    "block": {
                      "state": {
                        "north": "up"
                      }
                    }
                  }
                }
              ]
            },
            {
              "type": "alternatives",
              "children": [
                {
                  "type": "alternatives",
                  "children": [
                    {
                      "type": "alternatives",
                      "children": [
                        {
                          "type": "item",
                          "name": "egg",
                          "functions": [
                            {
                              "function": "set_custom_data",
                              "tag": "{\"interaction_shape\":[[0.0d,0.0d,3.0d,1.0d,16.0d,13.0d],[1.0d,0.0d,3.0d,16.0d,1.0d,13.0d],[3.0d,0.0d,0.0d,13.0d,1.0d,16.0d],[3.0d,1.0d,15.0d,13.0d,16.0d,16.0d],[15.0d,1.0d,3.0d,16.0d,16.0d,13.0d]]}"
                            }
                          ],
                          "conditions": [
                            {
                              "condition": "location_check",
                              "predicate": {
                                "block": {
                                  "state": {
                                    "south": "up"
                                  }
                                }
                              }
                            }
                          ]
                        },
                        {
                          "type": "item",
                          "name": "egg",
                          "functions": [
                            {
                              "function": "set_custom_data",
                              "tag": "{\"interaction_shape\":[[0.0d,0.0d,3.0d,1.0d,16.0d,13.0d],[1.0d,0.0d,3.0d,16.0d,1.0d,13.0d],[3.0d,0.0d,0.0d,13.0d,1.0d,16.0d],[15.0d,1.0d,3.0d,16.0d,16.0d,13.0d]]}"
                            }
                          ],
                          "conditions": [
                            {
                              "condition": "location_check",
                              "predicate": {
                                "block": {
                                  "state": {
                                    "south": "side"
                                  }
                                }
                              }
                            }
                          ]
                        },
                        {
                          "type": "item",
                          "name": "egg",
                          "functions": [
                            {
                              "function": "set_custom_data",
                              "tag": "{\"interaction_shape\":[[0.0d,0.0d,3.0d,1.0d,16.0d,13.0d],[1.0d,0.0d,3.0d,16.0d,1.0d,13.0d],[3.0d,0.0d,0.0d,13.0d,1.0d,13.0d],[15.0d,1.0d,3.0d,16.0d,16.0d,13.0d]]}"
                            }
                          ]
                        }
                      ],
                      "conditions": [
                        {
                          "condition": "location_check",
                          "predicate": {
                            "block": {
                              "state": {
                                "east": "up"
                              }
                            }
                          }
                        }
                      ]
                    },
                    {
                      "type": "alternatives",
                      "children": [
                        {
                          "type": "item",
                          "name": "egg",
                          "functions": [
                            {
                              "function": "set_custom_data",
                              "tag": "{\"interaction_shape\":[[0.0d,0.0d,3.0d,1.0d,16.0d,13.0d],[1.0d,0.0d,3.0d,16.0d,1.0d,13.0d],[3.0d,0.0d,0.0d,13.0d,1.0d,16.0d],[3.0d,1.0d,15.0d,13.0d,16.0d,16.0d]]}"
                            }
                          ],
                          "conditions": [
                            {
                              "condition": "location_check",
                              "predicate": {
                                "block": {
                                  "state": {
                                    "south": "up"
                                  }
                                }
                              }
                            }
                          ]
                        },
                        {
                          "type": "item",
                          "name": "egg",
                          "functions": [
                            {
                              "function": "set_custom_data",
                              "tag": "{\"interaction_shape\":[[0.0d,0.0d,3.0d,1.0d,16.0d,13.0d],[1.0d,0.0d,3.0d,16.0d,1.0d,13.0d],[3.0d,0.0d,0.0d,13.0d,1.0d,16.0d]]}"
                            }
                          ],
                          "conditions": [
                            {
                              "condition": "location_check",
                              "predicate": {
                                "block": {
                                  "state": {
                                    "south": "side"
                                  }
                                }
                              }
                            }
                          ]
                        },
                        {
                          "type": "item",
                          "name": "egg",
                          "functions": [
                            {
                              "function": "set_custom_data",
                              "tag": "{\"interaction_shape\":[[0.0d,0.0d,3.0d,1.0d,16.0d,13.0d],[1.0d,0.0d,3.0d,16.0d,1.0d,13.0d],[3.0d,0.0d,0.0d,13.0d,1.0d,13.0d]]}"
                            }
                          ]
                        }
                      ],
                      "conditions": [
                        {
                          "condition": "location_check",
                          "predicate": {
                            "block": {
                              "state": {
                                "east": "side"
                              }
                            }
                          }
                        }
                      ]
                    },
                    {
                      "type": "alternatives",
                      "children": [
                        {
                          "type": "item",
                          "name": "egg",
                          "functions": [
                            {
                              "function": "set_custom_data",
                              "tag": "{\"interaction_shape\":[[0.0d,0.0d,3.0d,1.0d,16.0d,13.0d],[1.0d,0.0d,3.0d,13.0d,1.0d,13.0d],[3.0d,0.0d,0.0d,13.0d,1.0d,16.0d],[3.0d,1.0d,15.0d,13.0d,16.0d,16.0d]]}"
                            }
                          ],
                          "conditions": [
                            {
                              "condition": "location_check",
                              "predicate": {
                                "block": {
                                  "state": {
                                    "south": "up"
                                  }
                                }
                              }
                            }
                          ]
                        },
                        {
                          "type": "item",
                          "name": "egg",
                          "functions": [
                            {
                              "function": "set_custom_data",
                              "tag": "{\"interaction_shape\":[[0.0d,0.0d,3.0d,1.0d,16.0d,13.0d],[1.0d,0.0d,3.0d,13.0d,1.0d,13.0d],[3.0d,0.0d,0.0d,13.0d,1.0d,16.0d]]}"
                            }
                          ],
                          "conditions": [
                            {
                              "condition": "location_check",
                              "predicate": {
                                "block": {
                                  "state": {
                                    "south": "side"
                                  }
                                }
                              }
                            }
                          ]
                        },
                        {
                          "type": "item",
                          "name": "egg",
                          "functions": [
                            {
                              "function": "set_custom_data",
                              "tag": "{\"interaction_shape\":[[0.0d,0.0d,3.0d,1.0d,16.0d,13.0d],[1.0d,0.0d,3.0d,13.0d,1.0d,13.0d],[3.0d,0.0d,0.0d,13.0d,1.0d,13.0d]]}"
                            }
                          ]
                        }
                      ]
                    }
                  ],
                  "conditions": [
                    {
                      "condition": "location_check",
                      "predicate": {
                        "block": {
                          "state": {
                            "west": "up"
                          }
                        }
                      }
                    }
                  ]
                },
                {
                  "type": "alternatives",
                  "children": [
                    {
                      "type": "alternatives",
                      "children": [
                        {
                          "type": "item",
                          "name": "egg",
                          "functions": [
                            {
                              "function": "set_custom_data",
                              "tag": "{\"interaction_shape\":[[0.0d,0.0d,3.0d,16.0d,1.0d,13.0d],[3.0d,0.0d,0.0d,13.0d,1.0d,16.0d],[3.0d,1.0d,15.0d,13.0d,16.0d,16.0d],[15.0d,1.0d,3.0d,16.0d,16.0d,13.0d]]}"
                            }
                          ],
                          "conditions": [
                            {
                              "condition": "location_check",
                              "predicate": {
                                "block": {
                                  "state": {
                                    "south": "up"
                                  }
                                }
                              }
                            }
                          ]
                        },
                        {
                          "type": "item",
                          "name": "egg",
                          "functions": [
                            {
                              "function": "set_custom_data",
                              "tag": "{\"interaction_shape\":[[0.0d,0.0d,3.0d,16.0d,1.0d,13.0d],[3.0d,0.0d,0.0d,13.0d,1.0d,16.0d],[15.0d,1.0d,3.0d,16.0d,16.0d,13.0d]]}"
                            }
                          ],
                          "conditions": [
                            {
                              "condition": "location_check",
                              "predicate": {
                                "block": {
                                  "state": {
                                    "south": "side"
                                  }
                                }
                              }
                            }
                          ]
                        },
                        {
                          "type": "item",
                          "name": "egg",
                          "functions": [
                            {
                              "function": "set_custom_data",
                              "tag": "{\"interaction_shape\":[[0.0d,0.0d,3.0d,16.0d,1.0d,13.0d],[3.0d,0.0d,0.0d,13.0d,1.0d,13.0d],[15.0d,1.0d,3.0d,16.0d,16.0d,13.0d]]}"
                            }
                          ]
                        }
                      ],
                      "conditions": [
                        {
                          "condition": "location_check",
                          "predicate": {
                            "block": {
                              "state": {
                                "east": "up"
                              }
                            }
                          }
                        }
                      ]
                    },
                    {
                      "type": "alternatives",
                      "children": [
                        {
                          "type": "item",
                          "name": "egg",
                          "functions": [
                            {
                              "function": "set_custom_data",
                              "tag": "{\"interaction_shape\":[[0.0d,0.0d,3.0d,16.0d,1.0d,13.0d],[3.0d,0.0d,0.0d,13.0d,1.0d,16.0d],[3.0d,1.0d,15.0d,13.0d,16.0d,16.0d]]}"
                            }
                          ],
                          "conditions": [
                            {
                              "condition": "location_check",
                              "predicate": {
                                "block": {
                                  "state": {
                                    "south": "up"
                                  }
                                }
                              }
                            }
                          ]
                        },
                        {
                          "type": "item",
                          "name": "egg",
                          "functions": [
                            {
                              "function": "set_custom_data",
                              "tag": "{\"interaction_shape\":[[0.0d,0.0d,3.0d,16.0d,1.0d,13.0d],[3.0d,0.0d,0.0d,13.0d,1.0d,16.0d]]}"
                            }
                          ],
                          "conditions": [
                            {
                              "condition": "location_check",
                              "predicate": {
                                "block": {
                                  "state": {
                                    "south": "side"
                                  }
                                }
                              }
                            }
                          ]
                        },
                        {
                          "type": "item",
                          "name": "egg",
                          "functions": [
                            {
                              "function": "set_custom_data",
                              "tag": "{\"interaction_shape\":[[0.0d,0.0d,3.0d,16.0d,1.0d,13.0d],[3.0d,0.0d,0.0d,13.0d,1.0d,13.0d]]}"
                            }
                          ]
                        }
                      ],
                      "conditions": [
                        {
                          "condition": "location_check",
                          "predicate": {
                            "block": {
                              "state": {
                                "east": "side"
                              }
                            }
                          }
                        }
                      ]
                    },
                    {
                      "type": "alternatives",
                      "children": [
                        {
                          "type": "item",
                          "name": "egg",
                          "functions": [
                            {
                              "function": "set_custom_data",
                              "tag": "{\"interaction_shape\":[[0.0d,0.0d,3.0d,13.0d,1.0d,13.0d],[3.0d,0.0d,0.0d,13.0d,1.0d,16.0d],[3.0d,1.0d,15.0d,13.0d,16.0d,16.0d]]}"
                            }
                          ],
                          "conditions": [
                            {
                              "condition": "location_check",
                              "predicate": {
                                "block": {
                                  "state": {
                                    "south": "up"
                                  }
                                }
                              }
                            }
                          ]
                        },
                        {
                          "type": "item",
                          "name": "egg",
                          "functions": [
                            {
                              "function": "set_custom_data",
                              "tag": "{\"interaction_shape\":[[0.0d,0.0d,3.0d,13.0d,1.0d,13.0d],[3.0d,0.0d,0.0d,13.0d,1.0d,16.0d]]}"
                            }
                          ],
                          "conditions": [
                            {
                              "condition": "location_check",
                              "predicate": {
                                "block": {
                                  "state": {
                                    "south": "side"
                                  }
                                }
                              }
                            }
                          ]
                        },
                        {
                          "type": "item",
                          "name": "egg",
                          "functions": [
                            {
                              "function": "set_custom_data",
                              "tag": "{\"interaction_shape\":[[0.0d,0.0d,3.0d,13.0d,1.0d,13.0d],[3.0d,0.0d,0.0d,13.0d,1.0d,13.0d]]}"
                            }
                          ]
                        }
                      ]
                    }
                  ],
                  "conditions": [
                    {
                      "condition": "location_check",
                      "predicate": {
                        "block": {
                          "state": {
                            "west": "side"
                          }
                        }
                      }
                    }
                  ]
                },
                {
                  "type": "alternatives",
                  "children": [
                    {
                      "type": "alternatives",
                      "children": [
                        {
                          "type": "item",
                          "name": "egg",
                          "functions": [
                            {
                              "function": "set_custom_data",
                              "tag": "{\"interaction_shape\":[[3.0d,0.0d,0.0d,13.0d,1.0d,16.0d],[3.0d,1.0d,15.0d,13.0d,16.0d,16.0d],[13.0d,0.0d,3.0d,16.0d,1.0d,13.0d],[15.0d,1.0d,3.0d,16.0d,16.0d,13.0d]]}"
                            }
                          ],
                          "conditions": [
                            {
                              "condition": "location_check",
                              "predicate": {
                                "block": {
                                  "state": {
                                    "south": "up"
                                  }
                                }
                              }
                            }
                          ]
                        },
                        {
                          "type": "item",
                          "name": "egg",
                          "functions": [
                            {
                              "function": "set_custom_data",
                              "tag": "{\"interaction_shape\":[[3.0d,0.0d,0.0d,13.0d,1.0d,16.0d],[13.0d,0.0d,3.0d,16.0d,1.0d,13.0d],[15.0d,1.0d,3.0d,16.0d,16.0d,13.0d]]}"
                            }
                          ],
                          "conditions": [
                            {
                              "condition": "location_check",
                              "predicate": {
                                "block": {
                                  "state": {
                                    "south": "side"
                                  }
                                }
                              }
                            }
                          ]
                        },
                        {
                          "type": "item",
                          "name": "egg",
                          "functions": [
                            {
                              "function": "set_custom_data",
                              "tag": "{\"interaction_shape\":[[3.0d,0.0d,0.0d,13.0d,1.0d,13.0d],[13.0d,0.0d,3.0d,16.0d,1.0d,13.0d],[15.0d,1.0d,3.0d,16.0d,16.0d,13.0d]]}"
                            }
                          ]
                        }
                      ],
                      "conditions": [
                        {
                          "condition": "location_check",
                          "predicate": {
                            "block": {
                              "state": {
                                "east": "up"
                              }
                            }
                          }
                        }
                      ]
                    },
                    {
                      "type": "alternatives",
                      "children": [
                        {
                          "type": "item",
                          "name": "egg",
                          "functions": [
                            {
                              "function": "set_custom_data",
                              "tag": "{\"interaction_shape\":[[3.0d,0.0d,0.0d,13.0d,1.0d,16.0d],[3.0d,1.0d,15.0d,13.0d,16.0d,16.0d],[13.0d,0.0d,3.0d,16.0d,1.0d,13.0d]]}"
                            }
                          ],
                          "conditions": [
                            {
                              "condition": "location_check",
                              "predicate": {
                                "block": {
                                  "state": {
                                    "south": "up"
                                  }
                                }
                              }
                            }
                          ]
                        },
                        {
                          "type": "item",
                          "name": "egg",
                          "functions": [
                            {
                              "function": "set_custom_data",
                              "tag": "{\"interaction_shape\":[[3.0d,0.0d,0.0d,13.0d,1.0d,16.0d],[13.0d,0.0d,3.0d,16.0d,1.0d,13.0d]]}"
                            }
                          ],
                          "conditions": [
                            {
                              "condition": "location_check",
                              "predicate": {
                                "block": {
                                  "state": {
                                    "south": "side"
                                  }
                                }
                              }
                            }
                          ]
                        },
                        {
                          "type": "item",
                          "name": "egg",
                          "functions": [
                            {
                              "function": "set_custom_data",
                              "tag": "{\"interaction_shape\":[[3.0d,0.0d,0.0d,13.0d,1.0d,13.0d],[13.0d,0.0d,3.0d,16.0d,1.0d,13.0d]]}"
                            }
                          ]
                        }
                      ],
                      "conditions": [
                        {
                          "condition": "location_check",
                          "predicate": {
                            "block": {
                              "state": {
                                "east": "side"
                              }
                            }
                          }
                        }
                      ]
                    },
                    {
                      "type": "alternatives",
                      "children": [
                        {
                          "type": "item",
                          "name": "egg",
                          "functions": [
                            {
                              "function": "set_custom_data",
                              "tag": "{\"interaction_shape\":[[3.0d,0.0d,0.0d,13.0d,1.0d,16.0d],[3.0d,1.0d,15.0d,13.0d,16.0d,16.0d]]}"
                            }
                          ],
                          "conditions": [
                            {
                              "condition": "location_check",
                              "predicate": {
                                "block": {
                                  "state": {
                                    "south": "up"
                                  }
                                }
                              }
                            }
                          ]
                        },
                        {
                          "type": "item",
                          "name": "egg",
                          "functions": [
                            {
                              "function": "set_custom_data",
                              "tag": "{\"interaction_shape\":[[3.0d,0.0d,0.0d,13.0d,1.0d,16.0d]]}"
                            }
                          ],
                          "conditions": [
                            {
                              "condition": "location_check",
                              "predicate": {
                                "block": {
                                  "state": {
                                    "south": "side"
                                  }
                                }
                              }
                            }
                          ]
                        },
                        {
                          "type": "item",
                          "name": "egg",
                          "functions": [
                            {
                              "function": "set_custom_data",
                              "tag": "{\"interaction_shape\":[[3.0d,0.0d,0.0d,13.0d,1.0d,13.0d]]}"
                            }
                          ]
                        }
                      ]
                    }
                  ]
                }
              ],
              "conditions": [
                {
                  "condition": "location_check",
                  "predicate": {
                    "block": {
                      "state": {
                        "north": "side"
                      }
                    }
                  }
                }
              ]
            },
            {
              "type": "alternatives",
              "children": [
                {
                  "type": "alternatives",
                  "children": [
                    {
                      "type": "alternatives",
                      "children": [
                        {
                          "type": "item",
                          "name": "egg",
                          "functions": [
                            {
                              "function": "set_custom_data",
                              "tag": "{\"interaction_shape\":[[0.0d,0.0d,3.0d,1.0d,16.0d,13.0d],[1.0d,0.0d,3.0d,16.0d,1.0d,13.0d],[3.0d,0.0d,13.0d,13.0d,1.0d,16.0d],[3.0d,1.0d,15.0d,13.0d,16.0d,16.0d],[15.0d,1.0d,3.0d,16.0d,16.0d,13.0d]]}"
                            }
                          ],
                          "conditions": [
                            {
                              "condition": "location_check",
                              "predicate": {
                                "block": {
                                  "state": {
                                    "south": "up"
                                  }
                                }
                              }
                            }
                          ]
                        },
                        {
                          "type": "item",
                          "name": "egg",
                          "functions": [
                            {
                              "function": "set_custom_data",
                              "tag": "{\"interaction_shape\":[[0.0d,0.0d,3.0d,1.0d,16.0d,13.0d],[1.0d,0.0d,3.0d,16.0d,1.0d,13.0d],[3.0d,0.0d,13.0d,13.0d,1.0d,16.0d],[15.0d,1.0d,3.0d,16.0d,16.0d,13.0d]]}"
                            }
                          ],
                          "conditions": [
                            {
                              "condition": "location_check",
                              "predicate": {
                                "block": {
                                  "state": {
                                    "south": "side"
                                  }
                                }
                              }
                            }
                          ]
                        },
                        {
                          "type": "item",
                          "name": "egg",
                          "functions": [
                            {
                              "function": "set_custom_data",
                              "tag": "{\"interaction_shape\":[[0.0d,0.0d,3.0d,1.0d,16.0d,13.0d],[1.0d,0.0d,3.0d,16.0d,1.0d,13.0d],[15.0d,1.0d,3.0d,16.0d,16.0d,13.0d]]}"
                            }
                          ]
                        }
                      ],
                      "conditions": [
                        {
                          "condition": "location_check",
                          "predicate": {
                            "block": {
                              "state": {
                                "east": "up"
                              }
                            }
                          }
                        }
                      ]
                    },
                    {
                      "type": "alternatives",
                      "children": [
                        {
                          "type": "item",
                          "name": "egg",
                          "functions": [
                            {
                              "function": "set_custom_data",
                              "tag": "{\"interaction_shape\":[[0.0d,0.0d,3.0d,1.0d,16.0d,13.0d],[1.0d,0.0d,3.0d,16.0d,1.0d,13.0d],[3.0d,0.0d,13.0d,13.0d,1.0d,16.0d],[3.0d,1.0d,15.0d,13.0d,16.0d,16.0d]]}"
                            }
                          ],
                          "conditions": [
                            {
                              "condition": "location_check",
                              "predicate": {
                                "block": {
                                  "state": {
                                    "south": "up"
                                  }
                                }
                              }
                            }
                          ]
                        },
                        {
                          "type": "item",
                          "name": "egg",
                          "functions": [
                            {
                              "function": "set_custom_data",
                              "tag": "{\"interaction_shape\":[[0.0d,0.0d,3.0d,1.0d,16.0d,13.0d],[1.0d,0.0d,3.0d,16.0d,1.0d,13.0d],[3.0d,0.0d,13.0d,13.0d,1.0d,16.0d]]}"
                            }
                          ],
                          "conditions": [
                            {
                              "condition": "location_check",
                              "predicate": {
                                "block": {
                                  "state": {
                                    "south": "side"
                                  }
                                }
                              }
                            }
                          ]
                        },
                        {
                          "type": "item",
                          "name": "egg",
                          "functions": [
                            {
                              "function": "set_custom_data",
                              "tag": "{\"interaction_shape\":[[0.0d,0.0d,3.0d,1.0d,16.0d,13.0d],[1.0d,0.0d,3.0d,16.0d,1.0d,13.0d]]}"
                            }
                          ]
                        }
                      ],
                      "conditions": [
                        {
                          "condition": "location_check",
                          "predicate": {
                            "block": {
                              "state": {
                                "east": "side"
                              }
                            }
                          }
                        }
                      ]
                    },
                    {
                      "type": "alternatives",
                      "children": [
                        {
                          "type": "item",
                          "name": "egg",
                          "functions": [
                            {
                              "function": "set_custom_data",
                              "tag": "{\"interaction_shape\":[[0.0d,0.0d,3.0d,1.0d,16.0d,13.0d],[1.0d,0.0d,3.0d,13.0d,1.0d,13.0d],[3.0d,0.0d,13.0d,13.0d,1.0d,16.0d],[3.0d,1.0d,15.0d,13.0d,16.0d,16.0d]]}"
                            }
                          ],
                          "conditions": [
                            {
                              "condition": "location_check",
                              "predicate": {
                                "block": {
                                  "state": {
                                    "south": "up"
                                  }
                                }
                              }
                            }
                          ]
                        },
                        {
                          "type": "item",
                          "name": "egg",
                          "functions": [
                            {
                              "function": "set_custom_data",
                              "tag": "{\"interaction_shape\":[[0.0d,0.0d,3.0d,1.0d,16.0d,13.0d],[1.0d,0.0d,3.0d,13.0d,1.0d,13.0d],[3.0d,0.0d,13.0d,13.0d,1.0d,16.0d]]}"
                            }
                          ],
                          "conditions": [
                            {
                              "condition": "location_check",
                              "predicate": {
                                "block": {
                                  "state": {
                                    "south": "side"
                                  }
                                }
                              }
                            }
                          ]
                        },
                        {
                          "type": "item",
                          "name": "egg",
                          "functions": [
                            {
                              "function": "set_custom_data",
                              "tag": "{\"interaction_shape\":[[0.0d,0.0d,3.0d,1.0d,16.0d,13.0d],[1.0d,0.0d,3.0d,13.0d,1.0d,13.0d]]}"
                            }
                          ]
                        }
                      ]
                    }
                  ],
                  "conditions": [
                    {
                      "condition": "location_check",
                      "predicate": {
                        "block": {
                          "state": {
                            "west": "up"
                          }
                        }
                      }
                    }
                  ]
                },
                {
                  "type": "alternatives",
                  "children": [
                    {
                      "type": "alternatives",
                      "children": [
                        {
                          "type": "item",
                          "name": "egg",
                          "functions": [
                            {
                              "function": "set_custom_data",
                              "tag": "{\"interaction_shape\":[[0.0d,0.0d,3.0d,16.0d,1.0d,13.0d],[3.0d,0.0d,13.0d,13.0d,1.0d,16.0d],[3.0d,1.0d,15.0d,13.0d,16.0d,16.0d],[15.0d,1.0d,3.0d,16.0d,16.0d,13.0d]]}"
                            }
                          ],
                          "conditions": [
                            {
                              "condition": "location_check",
                              "predicate": {
                                "block": {
                                  "state": {
                                    "south": "up"
                                  }
                                }
                              }
                            }
                          ]
                        },
                        {
                          "type": "item",
                          "name": "egg",
                          "functions": [
                            {
                              "function": "set_custom_data",
                              "tag": "{\"interaction_shape\":[[0.0d,0.0d,3.0d,16.0d,1.0d,13.0d],[3.0d,0.0d,13.0d,13.0d,1.0d,16.0d],[15.0d,1.0d,3.0d,16.0d,16.0d,13.0d]]}"
                            }
                          ],
                          "conditions": [
                            {
                              "condition": "location_check",
                              "predicate": {
                                "block": {
                                  "state": {
                                    "south": "side"
                                  }
                                }
                              }
                            }
                          ]
                        },
                        {
                          "type": "item",
                          "name": "egg",
                          "functions": [
                            {
                              "function": "set_custom_data",
                              "tag": "{\"interaction_shape\":[[0.0d,0.0d,3.0d,16.0d,1.0d,13.0d],[15.0d,1.0d,3.0d,16.0d,16.0d,13.0d]]}"
                            }
                          ]
                        }
                      ],
                      "conditions": [
                        {
                          "condition": "location_check",
                          "predicate": {
                            "block": {
                              "state": {
                                "east": "up"
                              }
                            }
                          }
                        }
                      ]
                    },
                    {
                      "type": "alternatives",
                      "children": [
                        {
                          "type": "item",
                          "name": "egg",
                          "functions": [
                            {
                              "function": "set_custom_data",
                              "tag": "{\"interaction_shape\":[[0.0d,0.0d,3.0d,16.0d,1.0d,13.0d],[3.0d,0.0d,13.0d,13.0d,1.0d,16.0d],[3.0d,1.0d,15.0d,13.0d,16.0d,16.0d]]}"
                            }
                          ],
                          "conditions": [
                            {
                              "condition": "location_check",
                              "predicate": {
                                "block": {
                                  "state": {
                                    "south": "up"
                                  }
                                }
                              }
                            }
                          ]
                        },
                        {
                          "type": "item",
                          "name": "egg",
                          "functions": [
                            {
                              "function": "set_custom_data",
                              "tag": "{\"interaction_shape\":[[0.0d,0.0d,3.0d,16.0d,1.0d,13.0d],[3.0d,0.0d,13.0d,13.0d,1.0d,16.0d]]}"
                            }
                          ],
                          "conditions": [
                            {
                              "condition": "location_check",
                              "predicate": {
                                "block": {
                                  "state": {
                                    "south": "side"
                                  }
                                }
                              }
                            }
                          ]
                        },
                        {
                          "type": "item",
                          "name": "egg",
                          "functions": [
                            {
                              "function": "set_custom_data",
                              "tag": "{\"interaction_shape\":[[0.0d,0.0d,3.0d,16.0d,1.0d,13.0d]]}"
                            }
                          ]
                        }
                      ],
                      "conditions": [
                        {
                          "condition": "location_check",
                          "predicate": {
                            "block": {
                              "state": {
                                "east": "side"
                              }
                            }
                          }
                        }
                      ]
                    },
                    {
                      "type": "alternatives",
                      "children": [
                        {
                          "type": "item",
                          "name": "egg",
                          "functions": [
                            {
                              "function": "set_custom_data",
                              "tag": "{\"interaction_shape\":[[0.0d,0.0d,3.0d,13.0d,1.0d,13.0d],[3.0d,0.0d,13.0d,13.0d,1.0d,16.0d],[3.0d,1.0d,15.0d,13.0d,16.0d,16.0d]]}"
                            }
                          ],
                          "conditions": [
                            {
                              "condition": "location_check",
                              "predicate": {
                                "block": {
                                  "state": {
                                    "south": "up"
                                  }
                                }
                              }
                            }
                          ]
                        },
                        {
                          "type": "item",
                          "name": "egg",
                          "functions": [
                            {
                              "function": "set_custom_data",
                              "tag": "{\"interaction_shape\":[[0.0d,0.0d,3.0d,13.0d,1.0d,13.0d],[3.0d,0.0d,13.0d,13.0d,1.0d,16.0d]]}"
                            }
                          ],
                          "conditions": [
                            {
                              "condition": "location_check",
                              "predicate": {
                                "block": {
                                  "state": {
                                    "south": "side"
                                  }
                                }
                              }
                            }
                          ]
                        },
                        {
                          "type": "item",
                          "name": "egg",
                          "functions": [
                            {
                              "function": "set_custom_data",
                              "tag": "{\"interaction_shape\":[[0.0d,0.0d,3.0d,13.0d,1.0d,13.0d]]}"
                            }
                          ]
                        }
                      ]
                    }
                  ],
                  "conditions": [
                    {
                      "condition": "location_check",
                      "predicate": {
                        "block": {
                          "state": {
                            "west": "side"
                          }
                        }
                      }
                    }
                  ]
                },
                {
                  "type": "alternatives",
                  "children": [
                    {
                      "type": "alternatives",
                      "children": [
                        {
                          "type": "item",
                          "name": "egg",
                          "functions": [
                            {
                              "function": "set_custom_data",
                              "tag": "{\"interaction_shape\":[[3.0d,0.0d,3.0d,16.0d,1.0d,13.0d],[3.0d,0.0d,13.0d,13.0d,1.0d,16.0d],[3.0d,1.0d,15.0d,13.0d,16.0d,16.0d],[15.0d,1.0d,3.0d,16.0d,16.0d,13.0d]]}"
                            }
                          ],
                          "conditions": [
                            {
                              "condition": "location_check",
                              "predicate": {
                                "block": {
                                  "state": {
                                    "south": "up"
                                  }
                                }
                              }
                            }
                          ]
                        },
                        {
                          "type": "item",
                          "name": "egg",
                          "functions": [
                            {
                              "function": "set_custom_data",
                              "tag": "{\"interaction_shape\":[[3.0d,0.0d,3.0d,16.0d,1.0d,13.0d],[3.0d,0.0d,13.0d,13.0d,1.0d,16.0d],[15.0d,1.0d,3.0d,16.0d,16.0d,13.0d]]}"
                            }
                          ],
                          "conditions": [
                            {
                              "condition": "location_check",
                              "predicate": {
                                "block": {
                                  "state": {
                                    "south": "side"
                                  }
                                }
                              }
                            }
                          ]
                        },
                        {
                          "type": "item",
                          "name": "egg",
                          "functions": [
                            {
                              "function": "set_custom_data",
                              "tag": "{\"interaction_shape\":[[3.0d,0.0d,3.0d,16.0d,1.0d,13.0d],[15.0d,1.0d,3.0d,16.0d,16.0d,13.0d]]}"
                            }
                          ]
                        }
                      ],
                      "conditions": [
                        {
                          "condition": "location_check",
                          "predicate": {
                            "block": {
                              "state": {
                                "east": "up"
                              }
                            }
                          }
                        }
                      ]
                    },
                    {
                      "type": "alternatives",
                      "children": [
                        {
                          "type": "item",
                          "name": "egg",
                          "functions": [
                            {
                              "function": "set_custom_data",
                              "tag": "{\"interaction_shape\":[[3.0d,0.0d,3.0d,16.0d,1.0d,13.0d],[3.0d,0.0d,13.0d,13.0d,1.0d,16.0d],[3.0d,1.0d,15.0d,13.0d,16.0d,16.0d]]}"
                            }
                          ],
                          "conditions": [
                            {
                              "condition": "location_check",
                              "predicate": {
                                "block": {
                                  "state": {
                                    "south": "up"
                                  }
                                }
                              }
                            }
                          ]
                        },
                        {
                          "type": "item",
                          "name": "egg",
                          "functions": [
                            {
                              "function": "set_custom_data",
                              "tag": "{\"interaction_shape\":[[3.0d,0.0d,3.0d,16.0d,1.0d,13.0d],[3.0d,0.0d,13.0d,13.0d,1.0d,16.0d]]}"
                            }
                          ],
                          "conditions": [
                            {
                              "condition": "location_check",
                              "predicate": {
                                "block": {
                                  "state": {
                                    "south": "side"
                                  }
                                }
                              }
                            }
                          ]
                        },
                        {
                          "type": "item",
                          "name": "egg",
                          "functions": [
                            {
                              "function": "set_custom_data",
                              "tag": "{\"interaction_shape\":[[3.0d,0.0d,3.0d,16.0d,1.0d,13.0d]]}"
                            }
                          ]
                        }
                      ],
                      "conditions": [
                        {
                          "condition": "location_check",
                          "predicate": {
                            "block": {
                              "state": {
                                "east": "side"
                              }
                            }
                          }
                        }
                      ]
                    },
                    {
                      "type": "alternatives",
                      "children": [
                        {
                          "type": "item",
                          "name": "egg",
                          "functions": [
                            {
                              "function": "set_custom_data",
                              "tag": "{\"interaction_shape\":[[3.0d,0.0d,3.0d,13.0d,1.0d,16.0d],[3.0d,1.0d,15.0d,13.0d,16.0d,16.0d]]}"
                            }
                          ],
                          "conditions": [
                            {
                              "condition": "location_check",
                              "predicate": {
                                "block": {
                                  "state": {
                                    "south": "up"
                                  }
                                }
                              }
                            }
                          ]
                        },
                        {
                          "type": "item",
                          "name": "egg",
                          "functions": [
                            {
                              "function": "set_custom_data",
                              "tag": "{\"interaction_shape\":[[3.0d,0.0d,3.0d,13.0d,1.0d,16.0d]]}"
                            }
                          ],
                          "conditions": [
                            {
                              "condition": "location_check",
                              "predicate": {
                                "block": {
                                  "state": {
                                    "south": "side"
                                  }
                                }
                              }
                            }
                          ]
                        },
                        {
                          "type": "item",
                          "name": "egg",
                          "functions": [
                            {
                              "function": "set_custom_data",
                              "tag": "{\"interaction_shape\":[[3.0d,0.0d,3.0d,13.0d,1.0d,13.0d]]}"
                            }
                          ]
                        }
                      ]
                    }
                  ]
                }
              ]
            }
          ]
        }
      ]
    }
  ]
}
