{
  "pools": [
    {
      "rolls": 1,
      "entries": [
        {
          "type": "alternatives",
          "children": [
            {
              "type": "alternatives",
              "children": [
                {
                  "type": "alternatives",
                  "children": [
                    {
                      "type": "alternatives",
                      "children": [
                        {
                          "type": "alternatives",
                          "children": [
                            {
                              "type": "alternatives",
                              "children": [
                                {
                                  "type": "item",
                                  "name": "egg",
                                  "functions": [
                                    {
                                      "function": "set_custom_data",
                                      "tag": "{\"has_precipitation\":0b,temperature:2.0d,type:\"minecraft:badlands\"}"
                                    }
                                  ],
                                  "conditions": [
                                    {
                                      "condition": "minecraft:location_check",
                                      "predicate": {
                                        "biomes": [
                                          "badlands"
                                        ]
                                      }
                                    }
                                  ]
                                },
                                {
                                  "type": "item",
                                  "name": "egg",
                                  "functions": [
                                    {
                                      "function": "set_custom_data",
                                      "tag": "{\"has_precipitation\":1b,temperature:0.95d,type:\"minecraft:bamboo_jungle\"}"
                                    }
                                  ]
                                }
                              ],
                              "conditions": [
                                {
                                  "condition": "minecraft:location_check",
                                  "predicate": {
                                    "biomes": [
                                      "badlands",
                                      "bamboo_jungle"
                                    ]
                                  }
                                }
                              ]
                            },
                            {
                              "type": "alternatives",
                              "children": [
                                {
                                  "type": "item",
                                  "name": "egg",
                                  "functions": [
                                    {
                                      "function": "set_custom_data",
                                      "tag": "{\"has_precipitation\":0b,temperature:2.0d,type:\"minecraft:basalt_deltas\"}"
                                    }
                                  ],
                                  "conditions": [
                                    {
                                      "condition": "minecraft:location_check",
                                      "predicate": {
                                        "biomes": [
                                          "basalt_deltas"
                                        ]
                                      }
                                    }
                                  ]
                                },
                                {
                                  "type": "item",
                                  "name": "egg",
                                  "functions": [
                                    {
                                      "function": "set_custom_data",
                                      "tag": "{\"has_precipitation\":1b,temperature:0.8d,type:\"minecraft:beach\"}"
                                    }
                                  ]
                                }
                              ]
                            }
                          ],
                          "conditions": [
                            {
                              "condition": "minecraft:location_check",
                              "predicate": {
                                "biomes": [
                                  "badlands",
                                  "bamboo_jungle",
                                  "basalt_deltas",
                                  "beach"
                                ]
                              }
                            }
                          ]
                        },
                        {
                          "type": "alternatives",
                          "children": [
                            {
                              "type": "alternatives",
                              "children": [
                                {
                                  "type": "item",
                                  "name": "egg",
                                  "functions": [
                                    {
                                      "function": "set_custom_data",
                                      "tag": "{\"has_precipitation\":1b,temperature:0.6d,type:\"minecraft:birch_forest\"}"
                                    }
                                  ],
                                  "conditions": [
                                    {
                                      "condition": "minecraft:location_check",
                                      "predicate": {
                                        "biomes": [
                                          "birch_forest"
                                        ]
                                      }
                                    }
                                  ]
                                },
                                {
                                  "type": "item",
                                  "name": "egg",
                                  "functions": [
                                    {
                                      "function": "set_custom_data",
                                      "tag": "{\"has_precipitation\":1b,temperature:0.5d,type:\"minecraft:cherry_grove\"}"
                                    }
                                  ]
                                }
                              ],
                              "conditions": [
                                {
                                  "condition": "minecraft:location_check",
                                  "predicate": {
                                    "biomes": [
                                      "birch_forest",
                                      "cherry_grove"
                                    ]
                                  }
                                }
                              ]
                            },
                            {
                              "type": "alternatives",
                              "children": [
                                {
                                  "type": "item",
                                  "name": "egg",
                                  "functions": [
                                    {
                                      "function": "set_custom_data",
                                      "tag": "{\"has_precipitation\":1b,temperature:0.5d,type:\"minecraft:cold_ocean\"}"
                                    }
                                  ],
                                  "conditions": [
                                    {
                                      "condition": "minecraft:location_check",
                                      "predicate": {
                                        "biomes": [
                                          "cold_ocean"
                                        ]
                                      }
                                    }
                                  ]
                                },
                                {
                                  "type": "item",
                                  "name": "egg",
                                  "functions": [
                                    {
                                      "function": "set_custom_data",
                                      "tag": "{\"has_precipitation\":0b,temperature:2.0d,type:\"minecraft:crimson_forest\"}"
                                    }
                                  ]
                                }
                              ]
                            }
                          ]
                        }
                      ],
                      "conditions": [
                        {
                          "condition": "minecraft:location_check",
                          "predicate": {
                            "biomes": [
                              "badlands",
                              "bamboo_jungle",
                              "basalt_deltas",
                              "beach",
                              "birch_forest",
                              "cherry_grove",
                              "cold_ocean",
                              "crimson_forest"
                            ]
                          }
                        }
                      ]
                    },
                    {
                      "type": "alternatives",
                      "children": [
                        {
                          "type": "alternatives",
                          "children": [
                            {
                              "type": "alternatives",
                              "children": [
                                {
                                  "type": "item",
                                  "name": "egg",
                                  "functions": [
                                    {
                                      "function": "set_custom_data",
                                      "tag": "{\"has_precipitation\":1b,temperature:0.7d,type:\"minecraft:dark_forest\"}"
                                    }
                                  ],
                                  "conditions": [
                                    {
                                      "condition": "minecraft:location_check",
                                      "predicate": {
                                        "biomes": [
                                          "dark_forest"
                                        ]
                                      }
                                    }
                                  ]
                                },
                                {
                                  "type": "item",
                                  "name": "egg",
                                  "functions": [
                                    {
                                      "function": "set_custom_data",
                                      "tag": "{\"has_precipitation\":1b,temperature:0.5d,type:\"minecraft:deep_cold_ocean\"}"
                                    }
                                  ]
                                }
                              ],
                              "conditions": [
                                {
                                  "condition": "minecraft:location_check",
                                  "predicate": {
                                    "biomes": [
                                      "dark_forest",
                                      "deep_cold_ocean"
                                    ]
                                  }
                                }
                              ]
                            },
                            {
                              "type": "alternatives",
                              "children": [
                                {
                                  "type": "item",
                                  "name": "egg",
                                  "functions": [
                                    {
                                      "function": "set_custom_data",
                                      "tag": "{\"has_precipitation\":1b,temperature:0.8d,type:\"minecraft:deep_dark\"}"
                                    }
                                  ],
                                  "conditions": [
                                    {
                                      "condition": "minecraft:location_check",
                                      "predicate": {
                                        "biomes": [
                                          "deep_dark"
                                        ]
                                      }
                                    }
                                  ]
                                },
                                {
                                  "type": "item",
                                  "name": "egg",
                                  "functions": [
                                    {
                                      "function": "set_custom_data",
                                      "tag": "{\"has_precipitation\":1b,temperature:0.5d,type:\"minecraft:deep_frozen_ocean\"}"
                                    }
                                  ]
                                }
                              ]
                            }
                          ],
                          "conditions": [
                            {
                              "condition": "minecraft:location_check",
                              "predicate": {
                                "biomes": [
                                  "dark_forest",
                                  "deep_cold_ocean",
                                  "deep_dark",
                                  "deep_frozen_ocean"
                                ]
                              }
                            }
                          ]
                        },
                        {
                          "type": "alternatives",
                          "children": [
                            {
                              "type": "alternatives",
                              "children": [
                                {
                                  "type": "item",
                                  "name": "egg",
                                  "functions": [
                                    {
                                      "function": "set_custom_data",
                                      "tag": "{\"has_precipitation\":1b,temperature:0.5d,type:\"minecraft:deep_lukewarm_ocean\"}"
                                    }
                                  ],
                                  "conditions": [
                                    {
                                      "condition": "minecraft:location_check",
                                      "predicate": {
                                        "biomes": [
                                          "deep_lukewarm_ocean"
                                        ]
                                      }
                                    }
                                  ]
                                },
                                {
                                  "type": "item",
                                  "name": "egg",
                                  "functions": [
                                    {
                                      "function": "set_custom_data",
                                      "tag": "{\"has_precipitation\":1b,temperature:0.5d,type:\"minecraft:deep_ocean\"}"
                                    }
                                  ]
                                }
                              ],
                              "conditions": [
                                {
                                  "condition": "minecraft:location_check",
                                  "predicate": {
                                    "biomes": [
                                      "deep_lukewarm_ocean",
                                      "deep_ocean"
                                    ]
                                  }
                                }
                              ]
                            },
                            {
                              "type": "alternatives",
                              "children": [
                                {
                                  "type": "item",
                                  "name": "egg",
                                  "functions": [
                                    {
                                      "function": "set_custom_data",
                                      "tag": "{\"has_precipitation\":0b,temperature:2.0d,type:\"minecraft:desert\"}"
                                    }
                                  ],
                                  "conditions": [
                                    {
                                      "condition": "minecraft:location_check",
                                      "predicate": {
                                        "biomes": [
                                          "desert"
                                        ]
                                      }
                                    }
                                  ]
                                },
                                {
                                  "type": "item",
                                  "name": "egg",
                                  "functions": [
                                    {
                                      "function": "set_custom_data",
                                      "tag": "{\"has_precipitation\":1b,temperature:0.8d,type:\"minecraft:dripstone_caves\"}"
                                    }
                                  ]
                                }
                              ]
                            }
                          ]
                        }
                      ]
                    }
                  ],
                  "conditions": [
                    {
                      "condition": "minecraft:location_check",
                      "predicate": {
                        "biomes": [
                          "badlands",
                          "bamboo_jungle",
                          "basalt_deltas",
                          "beach",
                          "birch_forest",
                          "cherry_grove",
                          "cold_ocean",
                          "crimson_forest",
                          "dark_forest",
                          "deep_cold_ocean",
                          "deep_dark",
                          "deep_frozen_ocean",
                          "deep_lukewarm_ocean",
                          "deep_ocean",
                          "desert",
                          "dripstone_caves"
                        ]
                      }
                    }
                  ]
                },
                {
                  "type": "alternatives",
                  "children": [
                    {
                      "type": "alternatives",
                      "children": [
                        {
                          "type": "alternatives",
                          "children": [
                            {
                              "type": "alternatives",
                              "children": [
                                {
                                  "type": "item",
                                  "name": "egg",
                                  "functions": [
                                    {
                                      "function": "set_custom_data",
                                      "tag": "{\"has_precipitation\":0b,temperature:0.5d,type:\"minecraft:end_barrens\"}"
                                    }
                                  ],
                                  "conditions": [
                                    {
                                      "condition": "minecraft:location_check",
                                      "predicate": {
                                        "biomes": [
                                          "end_barrens"
                                        ]
                                      }
                                    }
                                  ]
                                },
                                {
                                  "type": "item",
                                  "name": "egg",
                                  "functions": [
                                    {
                                      "function": "set_custom_data",
                                      "tag": "{\"has_precipitation\":0b,temperature:0.5d,type:\"minecraft:end_highlands\"}"
                                    }
                                  ]
                                }
                              ],
                              "conditions": [
                                {
                                  "condition": "minecraft:location_check",
                                  "predicate": {
                                    "biomes": [
                                      "end_barrens",
                                      "end_highlands"
                                    ]
                                  }
                                }
                              ]
                            },
                            {
                              "type": "alternatives",
                              "children": [
                                {
                                  "type": "item",
                                  "name": "egg",
                                  "functions": [
                                    {
                                      "function": "set_custom_data",
                                      "tag": "{\"has_precipitation\":0b,temperature:0.5d,type:\"minecraft:end_midlands\"}"
                                    }
                                  ],
                                  "conditions": [
                                    {
                                      "condition": "minecraft:location_check",
                                      "predicate": {
                                        "biomes": [
                                          "end_midlands"
                                        ]
                                      }
                                    }
                                  ]
                                },
                                {
                                  "type": "item",
                                  "name": "egg",
                                  "functions": [
                                    {
                                      "function": "set_custom_data",
                                      "tag": "{\"has_precipitation\":0b,temperature:2.0d,type:\"minecraft:eroded_badlands\"}"
                                    }
                                  ]
                                }
                              ]
                            }
                          ],
                          "conditions": [
                            {
                              "condition": "minecraft:location_check",
                              "predicate": {
                                "biomes": [
                                  "end_barrens",
                                  "end_highlands",
                                  "end_midlands",
                                  "eroded_badlands"
                                ]
                              }
                            }
                          ]
                        },
                        {
                          "type": "alternatives",
                          "children": [
                            {
                              "type": "alternatives",
                              "children": [
                                {
                                  "type": "item",
                                  "name": "egg",
                                  "functions": [
                                    {
                                      "function": "set_custom_data",
                                      "tag": "{\"has_precipitation\":1b,temperature:0.7d,type:\"minecraft:flower_forest\"}"
                                    }
                                  ],
                                  "conditions": [
                                    {
                                      "condition": "minecraft:location_check",
                                      "predicate": {
                                        "biomes": [
                                          "flower_forest"
                                        ]
                                      }
                                    }
                                  ]
                                },
                                {
                                  "type": "item",
                                  "name": "egg",
                                  "functions": [
                                    {
                                      "function": "set_custom_data",
                                      "tag": "{\"has_precipitation\":1b,temperature:0.7d,type:\"minecraft:forest\"}"
                                    }
                                  ]
                                }
                              ],
                              "conditions": [
                                {
                                  "condition": "minecraft:location_check",
                                  "predicate": {
                                    "biomes": [
                                      "flower_forest",
                                      "forest"
                                    ]
                                  }
                                }
                              ]
                            },
                            {
                              "type": "alternatives",
                              "children": [
                                {
                                  "type": "item",
                                  "name": "egg",
                                  "functions": [
                                    {
                                      "function": "set_custom_data",
                                      "tag": "{\"has_precipitation\":1b,temperature:0.0d,type:\"minecraft:frozen_ocean\"}"
                                    }
                                  ],
                                  "conditions": [
                                    {
                                      "condition": "minecraft:location_check",
                                      "predicate": {
                                        "biomes": [
                                          "frozen_ocean"
                                        ]
                                      }
                                    }
                                  ]
                                },
                                {
                                  "type": "item",
                                  "name": "egg",
                                  "functions": [
                                    {
                                      "function": "set_custom_data",
                                      "tag": "{\"has_precipitation\":1b,temperature:-0.7d,type:\"minecraft:frozen_peaks\"}"
                                    }
                                  ]
                                }
                              ]
                            }
                          ]
                        }
                      ],
                      "conditions": [
                        {
                          "condition": "minecraft:location_check",
                          "predicate": {
                            "biomes": [
                              "end_barrens",
                              "end_highlands",
                              "end_midlands",
                              "eroded_badlands",
                              "flower_forest",
                              "forest",
                              "frozen_ocean",
                              "frozen_peaks"
                            ]
                          }
                        }
                      ]
                    },
                    {
                      "type": "alternatives",
                      "children": [
                        {
                          "type": "alternatives",
                          "children": [
                            {
                              "type": "alternatives",
                              "children": [
                                {
                                  "type": "item",
                                  "name": "egg",
                                  "functions": [
                                    {
                                      "function": "set_custom_data",
                                      "tag": "{\"has_precipitation\":1b,temperature:0.0d,type:\"minecraft:frozen_river\"}"
                                    }
                                  ],
                                  "conditions": [
                                    {
                                      "condition": "minecraft:location_check",
                                      "predicate": {
                                        "biomes": [
                                          "frozen_river"
                                        ]
                                      }
                                    }
                                  ]
                                },
                                {
                                  "type": "item",
                                  "name": "egg",
                                  "functions": [
                                    {
                                      "function": "set_custom_data",
                                      "tag": "{\"has_precipitation\":1b,temperature:-0.2d,type:\"minecraft:grove\"}"
                                    }
                                  ]
                                }
                              ],
                              "conditions": [
                                {
                                  "condition": "minecraft:location_check",
                                  "predicate": {
                                    "biomes": [
                                      "frozen_river",
                                      "grove"
                                    ]
                                  }
                                }
                              ]
                            },
                            {
                              "type": "alternatives",
                              "children": [
                                {
                                  "type": "item",
                                  "name": "egg",
                                  "functions": [
                                    {
                                      "function": "set_custom_data",
                                      "tag": "{\"has_precipitation\":1b,temperature:0.0d,type:\"minecraft:ice_spikes\"}"
                                    }
                                  ],
                                  "conditions": [
                                    {
                                      "condition": "minecraft:location_check",
                                      "predicate": {
                                        "biomes": [
                                          "ice_spikes"
                                        ]
                                      }
                                    }
                                  ]
                                },
                                {
                                  "type": "item",
                                  "name": "egg",
                                  "functions": [
                                    {
                                      "function": "set_custom_data",
                                      "tag": "{\"has_precipitation\":1b,temperature:-0.7d,type:\"minecraft:jagged_peaks\"}"
                                    }
                                  ]
                                }
                              ]
                            }
                          ],
                          "conditions": [
                            {
                              "condition": "minecraft:location_check",
                              "predicate": {
                                "biomes": [
                                  "frozen_river",
                                  "grove",
                                  "ice_spikes",
                                  "jagged_peaks"
                                ]
                              }
                            }
                          ]
                        },
                        {
                          "type": "alternatives",
                          "children": [
                            {
                              "type": "alternatives",
                              "children": [
                                {
                                  "type": "item",
                                  "name": "egg",
                                  "functions": [
                                    {
                                      "function": "set_custom_data",
                                      "tag": "{\"has_precipitation\":1b,temperature:0.95d,type:\"minecraft:jungle\"}"
                                    }
                                  ],
                                  "conditions": [
                                    {
                                      "condition": "minecraft:location_check",
                                      "predicate": {
                                        "biomes": [
                                          "jungle"
                                        ]
                                      }
                                    }
                                  ]
                                },
                                {
                                  "type": "item",
                                  "name": "egg",
                                  "functions": [
                                    {
                                      "function": "set_custom_data",
                                      "tag": "{\"has_precipitation\":1b,temperature:0.5d,type:\"minecraft:lukewarm_ocean\"}"
                                    }
                                  ]
                                }
                              ],
                              "conditions": [
                                {
                                  "condition": "minecraft:location_check",
                                  "predicate": {
                                    "biomes": [
                                      "jungle",
                                      "lukewarm_ocean"
                                    ]
                                  }
                                }
                              ]
                            },
                            {
                              "type": "alternatives",
                              "children": [
                                {
                                  "type": "item",
                                  "name": "egg",
                                  "functions": [
                                    {
                                      "function": "set_custom_data",
                                      "tag": "{\"has_precipitation\":1b,temperature:0.5d,type:\"minecraft:lush_caves\"}"
                                    }
                                  ],
                                  "conditions": [
                                    {
                                      "condition": "minecraft:location_check",
                                      "predicate": {
                                        "biomes": [
                                          "lush_caves"
                                        ]
                                      }
                                    }
                                  ]
                                },
                                {
                                  "type": "item",
                                  "name": "egg",
                                  "functions": [
                                    {
                                      "function": "set_custom_data",
                                      "tag": "{\"has_precipitation\":1b,temperature:0.8d,type:\"minecraft:mangrove_swamp\"}"
                                    }
                                  ]
                                }
                              ]
                            }
                          ]
                        }
                      ]
                    }
                  ]
                }
              ],
              "conditions": [
                {
                  "condition": "minecraft:location_check",
                  "predicate": {
                    "biomes": [
                      "badlands",
                      "bamboo_jungle",
                      "basalt_deltas",
                      "beach",
                      "birch_forest",
                      "cherry_grove",
                      "cold_ocean",
                      "crimson_forest",
                      "dark_forest",
                      "deep_cold_ocean",
                      "deep_dark",
                      "deep_frozen_ocean",
                      "deep_lukewarm_ocean",
                      "deep_ocean",
                      "desert",
                      "dripstone_caves",
                      "end_barrens",
                      "end_highlands",
                      "end_midlands",
                      "eroded_badlands",
                      "flower_forest",
                      "forest",
                      "frozen_ocean",
                      "frozen_peaks",
                      "frozen_river",
                      "grove",
                      "ice_spikes",
                      "jagged_peaks",
                      "jungle",
                      "lukewarm_ocean",
                      "lush_caves",
                      "mangrove_swamp"
                    ]
                  }
                }
              ]
            },
            {
              "type": "alternatives",
              "children": [
                {
                  "type": "alternatives",
                  "children": [
                    {
                      "type": "alternatives",
                      "children": [
                        {
                          "type": "alternatives",
                          "children": [
                            {
                              "type": "alternatives",
                              "children": [
                                {
                                  "type": "item",
                                  "name": "egg",
                                  "functions": [
                                    {
                                      "function": "set_custom_data",
                                      "tag": "{\"has_precipitation\":1b,temperature:0.5d,type:\"minecraft:meadow\"}"
                                    }
                                  ],
                                  "conditions": [
                                    {
                                      "condition": "minecraft:location_check",
                                      "predicate": {
                                        "biomes": [
                                          "meadow"
                                        ]
                                      }
                                    }
                                  ]
                                },
                                {
                                  "type": "item",
                                  "name": "egg",
                                  "functions": [
                                    {
                                      "function": "set_custom_data",
                                      "tag": "{\"has_precipitation\":1b,temperature:0.9d,type:\"minecraft:mushroom_fields\"}"
                                    }
                                  ]
                                }
                              ],
                              "conditions": [
                                {
                                  "condition": "minecraft:location_check",
                                  "predicate": {
                                    "biomes": [
                                      "meadow",
                                      "mushroom_fields"
                                    ]
                                  }
                                }
                              ]
                            },
                            {
                              "type": "alternatives",
                              "children": [
                                {
                                  "type": "item",
                                  "name": "egg",
                                  "functions": [
                                    {
                                      "function": "set_custom_data",
                                      "tag": "{\"has_precipitation\":0b,temperature:2.0d,type:\"minecraft:nether_wastes\"}"
                                    }
                                  ],
                                  "conditions": [
                                    {
                                      "condition": "minecraft:location_check",
                                      "predicate": {
                                        "biomes": [
                                          "nether_wastes"
                                        ]
                                      }
                                    }
                                  ]
                                },
                                {
                                  "type": "item",
                                  "name": "egg",
                                  "functions": [
                                    {
                                      "function": "set_custom_data",
                                      "tag": "{\"has_precipitation\":1b,temperature:0.5d,type:\"minecraft:ocean\"}"
                                    }
                                  ]
                                }
                              ]
                            }
                          ],
                          "conditions": [
                            {
                              "condition": "minecraft:location_check",
                              "predicate": {
                                "biomes": [
                                  "meadow",
                                  "mushroom_fields",
                                  "nether_wastes",
                                  "ocean"
                                ]
                              }
                            }
                          ]
                        },
                        {
                          "type": "alternatives",
                          "children": [
                            {
                              "type": "alternatives",
                              "children": [
                                {
                                  "type": "item",
                                  "name": "egg",
                                  "functions": [
                                    {
                                      "function": "set_custom_data",
                                      "tag": "{\"has_precipitation\":1b,temperature:0.6d,type:\"minecraft:old_growth_birch_forest\"}"
                                    }
                                  ],
                                  "conditions": [
                                    {
                                      "condition": "minecraft:location_check",
                                      "predicate": {
                                        "biomes": [
                                          "old_growth_birch_forest"
                                        ]
                                      }
                                    }
                                  ]
                                },
                                {
                                  "type": "item",
                                  "name": "egg",
                                  "functions": [
                                    {
                                      "function": "set_custom_data",
                                      "tag": "{\"has_precipitation\":1b,temperature:0.3d,type:\"minecraft:old_growth_pine_taiga\"}"
                                    }
                                  ]
                                }
                              ],
                              "conditions": [
                                {
                                  "condition": "minecraft:location_check",
                                  "predicate": {
                                    "biomes": [
                                      "old_growth_birch_forest",
                                      "old_growth_pine_taiga"
                                    ]
                                  }
                                }
                              ]
                            },
                            {
                              "type": "alternatives",
                              "children": [
                                {
                                  "type": "item",
                                  "name": "egg",
                                  "functions": [
                                    {
                                      "function": "set_custom_data",
                                      "tag": "{\"has_precipitation\":1b,temperature:0.25d,type:\"minecraft:old_growth_spruce_taiga\"}"
                                    }
                                  ],
                                  "conditions": [
                                    {
                                      "condition": "minecraft:location_check",
                                      "predicate": {
                                        "biomes": [
                                          "old_growth_spruce_taiga"
                                        ]
                                      }
                                    }
                                  ]
                                },
                                {
                                  "type": "item",
                                  "name": "egg",
                                  "functions": [
                                    {
                                      "function": "set_custom_data",
                                      "tag": "{\"has_precipitation\":1b,temperature:0.7d,type:\"minecraft:pale_garden\"}"
                                    }
                                  ]
                                }
                              ]
                            }
                          ]
                        }
                      ],
                      "conditions": [
                        {
                          "condition": "minecraft:location_check",
                          "predicate": {
                            "biomes": [
                              "meadow",
                              "mushroom_fields",
                              "nether_wastes",
                              "ocean",
                              "old_growth_birch_forest",
                              "old_growth_pine_taiga",
                              "old_growth_spruce_taiga",
                              "pale_garden"
                            ]
                          }
                        }
                      ]
                    },
                    {
                      "type": "alternatives",
                      "children": [
                        {
                          "type": "alternatives",
                          "children": [
                            {
                              "type": "alternatives",
                              "children": [
                                {
                                  "type": "item",
                                  "name": "egg",
                                  "functions": [
                                    {
                                      "function": "set_custom_data",
                                      "tag": "{\"has_precipitation\":1b,temperature:0.8d,type:\"minecraft:plains\"}"
                                    }
                                  ],
                                  "conditions": [
                                    {
                                      "condition": "minecraft:location_check",
                                      "predicate": {
                                        "biomes": [
                                          "plains"
                                        ]
                                      }
                                    }
                                  ]
                                },
                                {
                                  "type": "item",
                                  "name": "egg",
                                  "functions": [
                                    {
                                      "function": "set_custom_data",
                                      "tag": "{\"has_precipitation\":1b,temperature:0.5d,type:\"minecraft:river\"}"
                                    }
                                  ]
                                }
                              ],
                              "conditions": [
                                {
                                  "condition": "minecraft:location_check",
                                  "predicate": {
                                    "biomes": [
                                      "plains",
                                      "river"
                                    ]
                                  }
                                }
                              ]
                            },
                            {
                              "type": "alternatives",
                              "children": [
                                {
                                  "type": "item",
                                  "name": "egg",
                                  "functions": [
                                    {
                                      "function": "set_custom_data",
                                      "tag": "{\"has_precipitation\":0b,temperature:2.0d,type:\"minecraft:savanna\"}"
                                    }
                                  ],
                                  "conditions": [
                                    {
                                      "condition": "minecraft:location_check",
                                      "predicate": {
                                        "biomes": [
                                          "savanna"
                                        ]
                                      }
                                    }
                                  ]
                                },
                                {
                                  "type": "item",
                                  "name": "egg",
                                  "functions": [
                                    {
                                      "function": "set_custom_data",
                                      "tag": "{\"has_precipitation\":0b,temperature:2.0d,type:\"minecraft:savanna_plateau\"}"
                                    }
                                  ]
                                }
                              ]
                            }
                          ],
                          "conditions": [
                            {
                              "condition": "minecraft:location_check",
                              "predicate": {
                                "biomes": [
                                  "plains",
                                  "river",
                                  "savanna",
                                  "savanna_plateau"
                                ]
                              }
                            }
                          ]
                        },
                        {
                          "type": "alternatives",
                          "children": [
                            {
                              "type": "alternatives",
                              "children": [
                                {
                                  "type": "item",
                                  "name": "egg",
                                  "functions": [
                                    {
                                      "function": "set_custom_data",
                                      "tag": "{\"has_precipitation\":0b,temperature:0.5d,type:\"minecraft:small_end_islands\"}"
                                    }
                                  ],
                                  "conditions": [
                                    {
                                      "condition": "minecraft:location_check",
                                      "predicate": {
                                        "biomes": [
                                          "small_end_islands"
                                        ]
                                      }
                                    }
                                  ]
                                },
                                {
                                  "type": "item",
                                  "name": "egg",
                                  "functions": [
                                    {
                                      "function": "set_custom_data",
                                      "tag": "{\"has_precipitation\":1b,temperature:0.05d,type:\"minecraft:snowy_beach\"}"
                                    }
                                  ]
                                }
                              ],
                              "conditions": [
                                {
                                  "condition": "minecraft:location_check",
                                  "predicate": {
                                    "biomes": [
                                      "small_end_islands",
                                      "snowy_beach"
                                    ]
                                  }
                                }
                              ]
                            },
                            {
                              "type": "alternatives",
                              "children": [
                                {
                                  "type": "item",
                                  "name": "egg",
                                  "functions": [
                                    {
                                      "function": "set_custom_data",
                                      "tag": "{\"has_precipitation\":1b,temperature:0.0d,type:\"minecraft:snowy_plains\"}"
                                    }
                                  ],
                                  "conditions": [
                                    {
                                      "condition": "minecraft:location_check",
                                      "predicate": {
                                        "biomes": [
                                          "snowy_plains"
                                        ]
                                      }
                                    }
                                  ]
                                },
                                {
                                  "type": "item",
                                  "name": "egg",
                                  "functions": [
                                    {
                                      "function": "set_custom_data",
                                      "tag": "{\"has_precipitation\":1b,temperature:-0.3d,type:\"minecraft:snowy_slopes\"}"
                                    }
                                  ]
                                }
                              ]
                            }
                          ]
                        }
                      ]
                    }
                  ],
                  "conditions": [
                    {
                      "condition": "minecraft:location_check",
                      "predicate": {
                        "biomes": [
                          "meadow",
                          "mushroom_fields",
                          "nether_wastes",
                          "ocean",
                          "old_growth_birch_forest",
                          "old_growth_pine_taiga",
                          "old_growth_spruce_taiga",
                          "pale_garden",
                          "plains",
                          "river",
                          "savanna",
                          "savanna_plateau",
                          "small_end_islands",
                          "snowy_beach",
                          "snowy_plains",
                          "snowy_slopes"
                        ]
                      }
                    }
                  ]
                },
                {
                  "type": "alternatives",
                  "children": [
                    {
                      "type": "alternatives",
                      "children": [
                        {
                          "type": "alternatives",
                          "children": [
                            {
                              "type": "alternatives",
                              "children": [
                                {
                                  "type": "item",
                                  "name": "egg",
                                  "functions": [
                                    {
                                      "function": "set_custom_data",
                                      "tag": "{\"has_precipitation\":1b,temperature:-0.5d,type:\"minecraft:snowy_taiga\"}"
                                    }
                                  ],
                                  "conditions": [
                                    {
                                      "condition": "minecraft:location_check",
                                      "predicate": {
                                        "biomes": [
                                          "snowy_taiga"
                                        ]
                                      }
                                    }
                                  ]
                                },
                                {
                                  "type": "item",
                                  "name": "egg",
                                  "functions": [
                                    {
                                      "function": "set_custom_data",
                                      "tag": "{\"has_precipitation\":0b,temperature:2.0d,type:\"minecraft:soul_sand_valley\"}"
                                    }
                                  ]
                                }
                              ],
                              "conditions": [
                                {
                                  "condition": "minecraft:location_check",
                                  "predicate": {
                                    "biomes": [
                                      "snowy_taiga",
                                      "soul_sand_valley"
                                    ]
                                  }
                                }
                              ]
                            },
                            {
                              "type": "alternatives",
                              "children": [
                                {
                                  "type": "item",
                                  "name": "egg",
                                  "functions": [
                                    {
                                      "function": "set_custom_data",
                                      "tag": "{\"has_precipitation\":1b,temperature:0.95d,type:\"minecraft:sparse_jungle\"}"
                                    }
                                  ],
                                  "conditions": [
                                    {
                                      "condition": "minecraft:location_check",
                                      "predicate": {
                                        "biomes": [
                                          "sparse_jungle"
                                        ]
                                      }
                                    }
                                  ]
                                },
                                {
                                  "type": "item",
                                  "name": "egg",
                                  "functions": [
                                    {
                                      "function": "set_custom_data",
                                      "tag": "{\"has_precipitation\":1b,temperature:1.0d,type:\"minecraft:stony_peaks\"}"
                                    }
                                  ]
                                }
                              ]
                            }
                          ],
                          "conditions": [
                            {
                              "condition": "minecraft:location_check",
                              "predicate": {
                                "biomes": [
                                  "snowy_taiga",
                                  "soul_sand_valley",
                                  "sparse_jungle",
                                  "stony_peaks"
                                ]
                              }
                            }
                          ]
                        },
                        {
                          "type": "alternatives",
                          "children": [
                            {
                              "type": "alternatives",
                              "children": [
                                {
                                  "type": "item",
                                  "name": "egg",
                                  "functions": [
                                    {
                                      "function": "set_custom_data",
                                      "tag": "{\"has_precipitation\":1b,temperature:0.2d,type:\"minecraft:stony_shore\"}"
                                    }
                                  ],
                                  "conditions": [
                                    {
                                      "condition": "minecraft:location_check",
                                      "predicate": {
                                        "biomes": [
                                          "stony_shore"
                                        ]
                                      }
                                    }
                                  ]
                                },
                                {
                                  "type": "item",
                                  "name": "egg",
                                  "functions": [
                                    {
                                      "function": "set_custom_data",
                                      "tag": "{\"has_precipitation\":1b,temperature:0.8d,type:\"minecraft:sunflower_plains\"}"
                                    }
                                  ]
                                }
                              ],
                              "conditions": [
                                {
                                  "condition": "minecraft:location_check",
                                  "predicate": {
                                    "biomes": [
                                      "stony_shore",
                                      "sunflower_plains"
                                    ]
                                  }
                                }
                              ]
                            },
                            {
                              "type": "alternatives",
                              "children": [
                                {
                                  "type": "item",
                                  "name": "egg",
                                  "functions": [
                                    {
                                      "function": "set_custom_data",
                                      "tag": "{\"has_precipitation\":1b,temperature:0.8d,type:\"minecraft:swamp\"}"
                                    }
                                  ],
                                  "conditions": [
                                    {
                                      "condition": "minecraft:location_check",
                                      "predicate": {
                                        "biomes": [
                                          "swamp"
                                        ]
                                      }
                                    }
                                  ]
                                },
                                {
                                  "type": "item",
                                  "name": "egg",
                                  "functions": [
                                    {
                                      "function": "set_custom_data",
                                      "tag": "{\"has_precipitation\":1b,temperature:0.25d,type:\"minecraft:taiga\"}"
                                    }
                                  ]
                                }
                              ]
                            }
                          ]
                        }
                      ],
                      "conditions": [
                        {
                          "condition": "minecraft:location_check",
                          "predicate": {
                            "biomes": [
                              "snowy_taiga",
                              "soul_sand_valley",
                              "sparse_jungle",
                              "stony_peaks",
                              "stony_shore",
                              "sunflower_plains",
                              "swamp",
                              "taiga"
                            ]
                          }
                        }
                      ]
                    },
                    {
                      "type": "alternatives",
                      "children": [
                        {
                          "type": "alternatives",
                          "children": [
                            {
                              "type": "alternatives",
                              "children": [
                                {
                                  "type": "item",
                                  "name": "egg",
                                  "functions": [
                                    {
                                      "function": "set_custom_data",
                                      "tag": "{\"has_precipitation\":0b,temperature:0.5d,type:\"minecraft:the_end\"}"
                                    }
                                  ],
                                  "conditions": [
                                    {
                                      "condition": "minecraft:location_check",
                                      "predicate": {
                                        "biomes": [
                                          "the_end"
                                        ]
                                      }
                                    }
                                  ]
                                },
                                {
                                  "type": "item",
                                  "name": "egg",
                                  "functions": [
                                    {
                                      "function": "set_custom_data",
                                      "tag": "{\"has_precipitation\":0b,temperature:0.5d,type:\"minecraft:the_void\"}"
                                    }
                                  ]
                                }
                              ],
                              "conditions": [
                                {
                                  "condition": "minecraft:location_check",
                                  "predicate": {
                                    "biomes": [
                                      "the_end",
                                      "the_void"
                                    ]
                                  }
                                }
                              ]
                            },
                            {
                              "type": "alternatives",
                              "children": [
                                {
                                  "type": "item",
                                  "name": "egg",
                                  "functions": [
                                    {
                                      "function": "set_custom_data",
                                      "tag": "{\"has_precipitation\":1b,temperature:0.5d,type:\"minecraft:warm_ocean\"}"
                                    }
                                  ],
                                  "conditions": [
                                    {
                                      "condition": "minecraft:location_check",
                                      "predicate": {
                                        "biomes": [
                                          "warm_ocean"
                                        ]
                                      }
                                    }
                                  ]
                                },
                                {
                                  "type": "item",
                                  "name": "egg",
                                  "functions": [
                                    {
                                      "function": "set_custom_data",
                                      "tag": "{\"has_precipitation\":0b,temperature:2.0d,type:\"minecraft:warped_forest\"}"
                                    }
                                  ]
                                }
                              ]
                            }
                          ],
                          "conditions": [
                            {
                              "condition": "minecraft:location_check",
                              "predicate": {
                                "biomes": [
                                  "the_end",
                                  "the_void",
                                  "warm_ocean",
                                  "warped_forest"
                                ]
                              }
                            }
                          ]
                        },
                        {
                          "type": "alternatives",
                          "children": [
                            {
                              "type": "alternatives",
                              "children": [
                                {
                                  "type": "item",
                                  "name": "egg",
                                  "functions": [
                                    {
                                      "function": "set_custom_data",
                                      "tag": "{\"has_precipitation\":1b,temperature:0.2d,type:\"minecraft:windswept_forest\"}"
                                    }
                                  ],
                                  "conditions": [
                                    {
                                      "condition": "minecraft:location_check",
                                      "predicate": {
                                        "biomes": [
                                          "windswept_forest"
                                        ]
                                      }
                                    }
                                  ]
                                },
                                {
                                  "type": "item",
                                  "name": "egg",
                                  "functions": [
                                    {
                                      "function": "set_custom_data",
                                      "tag": "{\"has_precipitation\":1b,temperature:0.2d,type:\"minecraft:windswept_gravelly_hills\"}"
                                    }
                                  ]
                                }
                              ],
                              "conditions": [
                                {
                                  "condition": "minecraft:location_check",
                                  "predicate": {
                                    "biomes": [
                                      "windswept_forest",
                                      "windswept_gravelly_hills"
                                    ]
                                  }
                                }
                              ]
                            },
                            {
                              "type": "alternatives",
                              "children": [
                                {
                                  "type": "item",
                                  "name": "egg",
                                  "functions": [
                                    {
                                      "function": "set_custom_data",
                                      "tag": "{\"has_precipitation\":1b,temperature:0.2d,type:\"minecraft:windswept_hills\"}"
                                    }
                                  ],
                                  "conditions": [
                                    {
                                      "condition": "minecraft:location_check",
                                      "predicate": {
                                        "biomes": [
                                          "windswept_hills"
                                        ]
                                      }
                                    }
                                  ]
                                },
                                {
                                  "type": "alternatives",
                                  "children": [
                                    {
                                      "type": "item",
                                      "name": "egg",
                                      "functions": [
                                        {
                                          "function": "set_custom_data",
                                          "tag": "{\"has_precipitation\":0b,temperature:2.0d,type:\"minecraft:windswept_savanna\"}"
                                        }
                                      ],
                                      "conditions": [
                                        {
                                          "condition": "minecraft:location_check",
                                          "predicate": {
                                            "biomes": [
                                              "windswept_savanna"
                                            ]
                                          }
                                        }
                                      ]
                                    },
                                    {
                                      "type": "item",
                                      "name": "egg",
                                      "functions": [
                                        {
                                          "function": "set_custom_data",
                                          "tag": "{\"has_precipitation\":0b,temperature:2.0d,type:\"minecraft:wooded_badlands\"}"
                                        }
                                      ]
                                    }
                                  ]
                                }
                              ]
                            }
                          ]
                        }
                      ]
                    }
                  ]
                }
              ]
            }
          ]
        }
      ]
    }
  ]
}
