{
  "pools": [
    {
      "rolls": 1,
      "entries": [
        {
          "type": "alternatives",
          "children": [
            {
              "type": "item",
              "name": "egg",
              "functions": [
                {
                  "function": "set_custom_data",
                  "tag": "{\"interaction_shape\":[[3.0d,3.0d,11.0d,13.0d,13.0d,16.0d]],\"collision_shape\":[[3.0d,3.0d,11.0d,13.0d,13.0d,16.0d]]}"
                }
              ],
              "conditions": [
                {
                  "condition": "location_check",
                  "predicate": {
                    "block": {
                      "state": {
                        "facing": "north"
                      }
                    }
                  }
                }
              ]
            },
            {
              "type": "item",
              "name": "egg",
              "functions": [
                {
                  "function": "set_custom_data",
                  "tag": "{\"interaction_shape\":[[0.0d,3.0d,3.0d,5.0d,13.0d,13.0d]],\"collision_shape\":[[0.0d,3.0d,3.0d,5.0d,13.0d,13.0d]]}"
                }
              ],
              "conditions": [
                {
                  "condition": "location_check",
                  "predicate": {
                    "block": {
                      "state": {
                        "facing": "east"
                      }
                    }
                  }
                }
              ]
            },
            {
              "type": "item",
              "name": "egg",
              "functions": [
                {
                  "function": "set_custom_data",
                  "tag": "{\"interaction_shape\":[[3.0d,3.0d,0.0d,13.0d,13.0d,5.0d]],\"collision_shape\":[[3.0d,3.0d,0.0d,13.0d,13.0d,5.0d]]}"
                }
              ],
              "conditions": [
                {
                  "condition": "location_check",
                  "predicate": {
                    "block": {
                      "state": {
                        "facing": "south"
                      }
                    }
                  }
                }
              ]
            },
            {
              "type": "item",
              "name": "egg",
              "functions": [
                {
                  "function": "set_custom_data",
                  "tag": "{\"interaction_shape\":[[11.0d,3.0d,3.0d,16.0d,13.0d,13.0d]],\"collision_shape\":[[11.0d,3.0d,3.0d,16.0d,13.0d,13.0d]]}"
                }
              ],
              "conditions": [
                {
                  "condition": "location_check",
                  "predicate": {
                    "block": {
                      "state": {
                        "facing": "west"
                      }
                    }
                  }
                }
              ]
            },
            {
              "type": "item",
              "name": "egg",
              "functions": [
                {
                  "function": "set_custom_data",
                  "tag": "{\"collision_shape\":[[3.0d,0.0d,3.0d,13.0d,5.0d,13.0d]],\"interaction_shape\":[[3.0d,0.0d,3.0d,13.0d,5.0d,13.0d]]}"
                }
              ],
              "conditions": [
                {
                  "condition": "location_check",
                  "predicate": {
                    "block": {
                      "state": {
                        "facing": "up"
                      }
                    }
                  }
                }
              ]
            },
            {
              "type": "item",
              "name": "egg",
              "functions": [
                {
                  "function": "set_custom_data",
                  "tag": "{\"collision_shape\":[[3.0d,11.0d,3.0d,13.0d,16.0d,13.0d]],\"interaction_shape\":[[3.0d,11.0d,3.0d,13.0d,16.0d,13.0d]]}"
                }
              ]
            }
          ]
        }
      ]
    }
  ]
}
