{
  "criteria": {
    "requirement": {
      "trigger": "minecraft:effects_changed",
      "conditions": {
        "player": [
          {
            "condition": "minecraft:entity_scores",
            "entity": "this",
            "scores": {
              "bs.hmod": {
                "min": 1
              }
            }
          },
          {
            "condition": "minecraft:inverted",
            "term": {
              "condition": "minecraft:entity_properties",
              "entity": "this",
              "predicate": {
                "effects": {
                  "minecraft:instant_damage": {
                    "amplifier": 255
                  }
                }
              }
            }
          }
        ]
      }
    }
  },
  "rewards": {
    "function": "bs.health:utils/on_before_heal"
  }
}
