{
  "criteria": {
    "_": {
      "trigger": "minecraft:effects_changed",
      "conditions": {
        "player": [
          {
            "condition": "minecraft:inverted",
            "term": {
              "condition": "minecraft:entity_properties",
              "entity": "this",
              "predicate": {
                "effects": {
                  "minecraft:instant_health": {
                    "amplifier": 28
                  }
                }
              }
            }
          }
        ]
      }
    }
  },
  "rewards": {
    "function": "bs.health:utils/on_heal"
  }
}
