{
  "__bookshelf__": {
    "feature": true,
    "documentation": "https://docs.mcbookshelf.dev/en/latest/modules/position.html#get-distance",
    "authors": [
      "Aksiome",
      "Leirof"
    ],
    "contributors": [
      "Triton365"
    ],
    "created": {
      "date": "2019/07/14",
      "minecraft_version": "1.14.3"
    },
    "updated": {
      "date": "2024/02/27",
      "minecraft_version": "1.20.4"
    }
  },
  "replace": true,
  "values": [
    "bs.position:get/distance/distance_ata"
  ]
}
