[
  {
    "condition": "minecraft:any_of",
    "terms": [
      {
        "condition": "minecraft:location_check",
        "offsetY": -1,
        "offsetX": 0.6,
        "predicate": {
          "block": {
            "blocks": [
              "minecraft:hopper"
            ]
          }
        }
      },
      {
        "condition": "minecraft:location_check",
        "offsetY": 1,
        "offsetX": 0.6,
        "facing": "down",
        "predicate": {
          "block": {
            "blocks": [
              "minecraft:hopper"
            ],
            "state": {
              "facing": "down"
            }
          }
        }
      },
      {
        "condition": "minecraft:location_check",
        "offsetZ": -1,
        "offsetX": 0.6,
        "facing": "south",
        "predicate": {
          "block": {
            "blocks": [
              "minecraft:hopper"
            ],
            "state": {
              "facing": "south"
            }
          }
        }
      },
      {
        "condition": "minecraft:location_check",
        "offsetZ": 1,
        "offsetX": 0.6,
        "facing": "north",
        "predicate": {
          "block": {
            "blocks": [
              "minecraft:hopper"
            ],
            "state": {
              "facing": "north"
            }
          }
        }
      },
      {
        "condition": "minecraft:location_check",
        "offsetX": -0.4,
        "facing": "east",
        "predicate": {
          "block": {
            "blocks": [
              "minecraft:hopper"
            ],
            "state": {
              "facing": "east"
            }
          }
        }
      },
      {
        "condition": "minecraft:location_check",
        "offsetX": 1.6,
        "facing": "west",
        "predicate": {
          "block": {
            "blocks": [
              "minecraft:hopper"
            ],
            "state": {
              "facing": "west"
            }
          }
        }
      }
    ]
  }
]
