[{"condition":"minecraft:any_of","terms":[{"condition":"minecraft:location_check","offsetY":-1,"offsetX":0.7,"predicate":{"block":{"blocks":["minecraft:hopper"]}}},{"condition":"minecraft:location_check","offsetY":1,"offsetX":0.7,"facing":"down","predicate":{"block":{"blocks":["minecraft:hopper"],"state":{"facing":"down"}}}},{"condition":"minecraft:location_check","offsetZ":-1,"offsetX":0.7,"facing":"south","predicate":{"block":{"blocks":["minecraft:hopper"],"state":{"facing":"south"}}}},{"condition":"minecraft:location_check","offsetZ":1,"offsetX":0.7,"facing":"north","predicate":{"block":{"blocks":["minecraft:hopper"],"state":{"facing":"north"}}}},{"condition":"minecraft:location_check","offsetX":-0.30000000000000004,"facing":"east","predicate":{"block":{"blocks":["minecraft:hopper"],"state":{"facing":"east"}}}},{"condition":"minecraft:location_check","offsetX":1.7,"facing":"west","predicate":{"block":{"blocks":["minecraft:hopper"],"state":{"facing":"west"}}}}]}]