{
  "pools": [
    {
      "rolls": 1,
      "entries": [
        {
          "type": "alternatives",
          "children": [
            {
              "type": "loot_table",
              "value": "bs.block:get/7",
              "functions": [
                {
                  "function": "set_custom_data",
                  "tag": "{\"_\":{1:\"thickness=tip,\"},properties:{thickness:\"tip\"}}"
                }
              ],
              "conditions": [
                {
                  "condition": "location_check",
                  "predicate": {
                    "block": {
                      "state": {
                        "thickness": "tip"
                      }
                    }
                  }
                }
              ]
            },
            {
              "type": "loot_table",
              "value": "bs.block:get/7",
              "functions": [
                {
                  "function": "set_custom_data",
                  "tag": "{\"_\":{1:\"thickness=frustum,\"},properties:{thickness:\"frustum\"}}"
                }
              ],
              "conditions": [
                {
                  "condition": "location_check",
                  "predicate": {
                    "block": {
                      "state": {
                        "thickness": "frustum"
                      }
                    }
                  }
                }
              ]
            },
            {
              "type": "loot_table",
              "value": "bs.block:get/7",
              "functions": [
                {
                  "function": "set_custom_data",
                  "tag": "{\"_\":{1:\"thickness=middle,\"},properties:{thickness:\"middle\"}}"
                }
              ],
              "conditions": [
                {
                  "condition": "location_check",
                  "predicate": {
                    "block": {
                      "state": {
                        "thickness": "middle"
                      }
                    }
                  }
                }
              ]
            },
            {
              "type": "loot_table",
              "value": "bs.block:get/7",
              "functions": [
                {
                  "function": "set_custom_data",
                  "tag": "{\"_\":{1:\"thickness=base,\"},properties:{thickness:\"base\"}}"
                }
              ],
              "conditions": [
                {
                  "condition": "location_check",
                  "predicate": {
                    "block": {
                      "state": {
                        "thickness": "base"
                      }
                    }
                  }
                }
              ]
            },
            {
              "type": "loot_table",
              "value": "bs.block:get/7",
              "functions": [
                {
                  "function": "set_custom_data",
                  "tag": "{\"_\":{1:\"thickness=tip_merge,\"},properties:{thickness:\"tip_merge\"}}"
                }
              ],
              "conditions": [
                {
                  "condition": "location_check",
                  "predicate": {
                    "block": {
                      "state": {
                        "thickness": "tip_merge"
                      }
                    }
                  }
                }
              ]
            }
          ]
        }
      ]
    }
  ]
}
