{
  "pools": [
    {
      "rolls": 1,
      "entries": [
        {
          "type": "alternatives",
          "children": [
            {
              "type": "loot_table",
              "value": "bs.block:get/131",
              "functions": [
                {
                  "function": "set_custom_data",
                  "tag": "{\"properties\":{\"north\":\"none\"},\"_\":{2:\"north=none,\"}}"
                }
              ],
              "conditions": [
                {
                  "condition": "location_check",
                  "predicate": {
                    "block": {
                      "state": {
                        "north": "none"
                      }
                    }
                  }
                }
              ]
            },
            {
              "type": "loot_table",
              "value": "bs.block:get/131",
              "functions": [
                {
                  "function": "set_custom_data",
                  "tag": "{\"properties\":{\"north\":\"up\"},\"_\":{2:\"north=up,\"}}"
                }
              ],
              "conditions": [
                {
                  "condition": "location_check",
                  "predicate": {
                    "block": {
                      "state": {
                        "north": "up"
                      }
                    }
                  }
                }
              ]
            },
            {
              "type": "loot_table",
              "value": "bs.block:get/131",
              "functions": [
                {
                  "function": "set_custom_data",
                  "tag": "{\"properties\":{\"north\":\"side\"},\"_\":{2:\"north=side,\"}}"
                }
              ],
              "conditions": [
                {
                  "condition": "location_check",
                  "predicate": {
                    "block": {
                      "state": {
                        "north": "side"
                      }
                    }
                  }
                }
              ]
            }
          ]
        }
      ]
    }
  ]
}
