{
  "pools": [
    {
      "rolls": 1,
      "entries": [
        {
          "type": "alternatives",
          "children": [
            {
              "type": "loot_table",
              "value": "bs.block:get/2",
              "functions": [
                {
                  "function": "set_custom_data",
                  "tag": "{\"_\":{2:\"delay=1,\"},properties:{delay:\"1\"}}"
                }
              ],
              "conditions": [
                {
                  "condition": "location_check",
                  "predicate": {
                    "block": {
                      "state": {
                        "delay": "1"
                      }
                    }
                  }
                }
              ]
            },
            {
              "type": "loot_table",
              "value": "bs.block:get/2",
              "functions": [
                {
                  "function": "set_custom_data",
                  "tag": "{\"_\":{2:\"delay=2,\"},properties:{delay:\"2\"}}"
                }
              ],
              "conditions": [
                {
                  "condition": "location_check",
                  "predicate": {
                    "block": {
                      "state": {
                        "delay": "2"
                      }
                    }
                  }
                }
              ]
            },
            {
              "type": "loot_table",
              "value": "bs.block:get/2",
              "functions": [
                {
                  "function": "set_custom_data",
                  "tag": "{\"_\":{2:\"delay=3,\"},properties:{delay:\"3\"}}"
                }
              ],
              "conditions": [
                {
                  "condition": "location_check",
                  "predicate": {
                    "block": {
                      "state": {
                        "delay": "3"
                      }
                    }
                  }
                }
              ]
            },
            {
              "type": "loot_table",
              "value": "bs.block:get/2",
              "functions": [
                {
                  "function": "set_custom_data",
                  "tag": "{\"_\":{2:\"delay=4,\"},properties:{delay:\"4\"}}"
                }
              ],
              "conditions": [
                {
                  "condition": "location_check",
                  "predicate": {
                    "block": {
                      "state": {
                        "delay": "4"
                      }
                    }
                  }
                }
              ]
            }
          ]
        }
      ]
    }
  ]
}
