{
  "pools": [
    {
      "rolls": 1,
      "entries": [
        {
          "type": "alternatives",
          "children": [
            {
              "type": "loot_table",
              "value": "bs.block:get/2",
              "functions": [
                {
                  "function": "set_custom_data",
                  "tag": "{\"properties\":{\"delay\":\"1\"},\"_\":{2:\"delay=1,\"}}"
                }
              ],
              "conditions": [
                {
                  "condition": "location_check",
                  "predicate": {
                    "block": {
                      "state": {
                        "delay": "1"
                      }
                    }
                  }
                }
              ]
            },
            {
              "type": "loot_table",
              "value": "bs.block:get/2",
              "functions": [
                {
                  "function": "set_custom_data",
                  "tag": "{\"properties\":{\"delay\":\"2\"},\"_\":{2:\"delay=2,\"}}"
                }
              ],
              "conditions": [
                {
                  "condition": "location_check",
                  "predicate": {
                    "block": {
                      "state": {
                        "delay": "2"
                      }
                    }
                  }
                }
              ]
            },
            {
              "type": "loot_table",
              "value": "bs.block:get/2",
              "functions": [
                {
                  "function": "set_custom_data",
                  "tag": "{\"properties\":{\"delay\":\"3\"},\"_\":{2:\"delay=3,\"}}"
                }
              ],
              "conditions": [
                {
                  "condition": "location_check",
                  "predicate": {
                    "block": {
                      "state": {
                        "delay": "3"
                      }
                    }
                  }
                }
              ]
            },
            {
              "type": "loot_table",
              "value": "bs.block:get/2",
              "functions": [
                {
                  "function": "set_custom_data",
                  "tag": "{\"properties\":{\"delay\":\"4\"},\"_\":{2:\"delay=4,\"}}"
                }
              ],
              "conditions": [
                {
                  "condition": "location_check",
                  "predicate": {
                    "block": {
                      "state": {
                        "delay": "4"
                      }
                    }
                  }
                }
              ]
            }
          ]
        }
      ]
    }
  ]
}
