{
  "pools": [
    {
      "rolls": 1,
      "entries": [
        {
          "type": "alternatives",
          "children": [
            {
              "type": "loot_table",
              "value": "bs.block:get/7",
              "functions": [
                {
                  "function": "set_custom_data",
                  "tag": "{\"_\":{1:\"pickles=1,\"},properties:{pickles:\"1\"}}"
                }
              ],
              "conditions": [
                {
                  "condition": "location_check",
                  "predicate": {
                    "block": {
                      "state": {
                        "pickles": "1"
                      }
                    }
                  }
                }
              ]
            },
            {
              "type": "loot_table",
              "value": "bs.block:get/7",
              "functions": [
                {
                  "function": "set_custom_data",
                  "tag": "{\"_\":{1:\"pickles=2,\"},properties:{pickles:\"2\"}}"
                }
              ],
              "conditions": [
                {
                  "condition": "location_check",
                  "predicate": {
                    "block": {
                      "state": {
                        "pickles": "2"
                      }
                    }
                  }
                }
              ]
            },
            {
              "type": "loot_table",
              "value": "bs.block:get/7",
              "functions": [
                {
                  "function": "set_custom_data",
                  "tag": "{\"_\":{1:\"pickles=3,\"},properties:{pickles:\"3\"}}"
                }
              ],
              "conditions": [
                {
                  "condition": "location_check",
                  "predicate": {
                    "block": {
                      "state": {
                        "pickles": "3"
                      }
                    }
                  }
                }
              ]
            },
            {
              "type": "loot_table",
              "value": "bs.block:get/7",
              "functions": [
                {
                  "function": "set_custom_data",
                  "tag": "{\"_\":{1:\"pickles=4,\"},properties:{pickles:\"4\"}}"
                }
              ],
              "conditions": [
                {
                  "condition": "location_check",
                  "predicate": {
                    "block": {
                      "state": {
                        "pickles": "4"
                      }
                    }
                  }
                }
              ]
            }
          ]
        }
      ]
    }
  ]
}
