{
  "pools": [
    {
      "rolls": 1,
      "entries": [
        {
          "type": "alternatives",
          "children": [
            {
              "type": "item",
              "name": "egg",
              "functions": [
                {
                  "function": "set_custom_data",
                  "tag": "{\"_\":{0:\"dusted=0,\"},properties:{dusted:\"0\"}}"
                }
              ],
              "conditions": [
                {
                  "condition": "location_check",
                  "predicate": {
                    "block": {
                      "state": {
                        "dusted": "0"
                      }
                    }
                  }
                }
              ]
            },
            {
              "type": "item",
              "name": "egg",
              "functions": [
                {
                  "function": "set_custom_data",
                  "tag": "{\"_\":{0:\"dusted=1,\"},properties:{dusted:\"1\"}}"
                }
              ],
              "conditions": [
                {
                  "condition": "location_check",
                  "predicate": {
                    "block": {
                      "state": {
                        "dusted": "1"
                      }
                    }
                  }
                }
              ]
            },
            {
              "type": "item",
              "name": "egg",
              "functions": [
                {
                  "function": "set_custom_data",
                  "tag": "{\"_\":{0:\"dusted=2,\"},properties:{dusted:\"2\"}}"
                }
              ],
              "conditions": [
                {
                  "condition": "location_check",
                  "predicate": {
                    "block": {
                      "state": {
                        "dusted": "2"
                      }
                    }
                  }
                }
              ]
            },
            {
              "type": "item",
              "name": "egg",
              "functions": [
                {
                  "function": "set_custom_data",
                  "tag": "{\"_\":{0:\"dusted=3,\"},properties:{dusted:\"3\"}}"
                }
              ],
              "conditions": [
                {
                  "condition": "location_check",
                  "predicate": {
                    "block": {
                      "state": {
                        "dusted": "3"
                      }
                    }
                  }
                }
              ]
            }
          ]
        }
      ]
    }
  ]
}
