{
  "pools": [
    {
      "rolls": 1,
      "entries": [
        {
          "type": "alternatives",
          "children": [
            {
              "type": "loot_table",
              "value": "bs.block:get/2",
              "functions": [
                {
                  "function": "set_custom_data",
                  "tag": "{\"properties\":{\"face\":\"wall\"},\"_\":{2:\"face=wall,\"}}"
                }
              ],
              "conditions": [
                {
                  "condition": "location_check",
                  "predicate": {
                    "block": {
                      "state": {
                        "face": "wall"
                      }
                    }
                  }
                }
              ]
            },
            {
              "type": "loot_table",
              "value": "bs.block:get/2",
              "functions": [
                {
                  "function": "set_custom_data",
                  "tag": "{\"properties\":{\"face\":\"ceiling\"},\"_\":{2:\"face=ceiling,\"}}"
                }
              ],
              "conditions": [
                {
                  "condition": "location_check",
                  "predicate": {
                    "block": {
                      "state": {
                        "face": "ceiling"
                      }
                    }
                  }
                }
              ]
            },
            {
              "type": "loot_table",
              "value": "bs.block:get/2",
              "functions": [
                {
                  "function": "set_custom_data",
                  "tag": "{\"properties\":{\"face\":\"floor\"},\"_\":{2:\"face=floor,\"}}"
                }
              ],
              "conditions": [
                {
                  "condition": "location_check",
                  "predicate": {
                    "block": {
                      "state": {
                        "face": "floor"
                      }
                    }
                  }
                }
              ]
            }
          ]
        }
      ]
    }
  ]
}
