{
  "pools": [
    {
      "rolls": 1,
      "entries": [
        {
          "type": "alternatives",
          "children": [
            {
              "type": "loot_table",
              "value": "bs.block:get/31",
              "functions": [
                {
                  "function": "set_custom_data",
                  "tag": "{\"properties\":{\"south\":\"none\"},\"_\":{4:\"south=none,\"}}"
                }
              ],
              "conditions": [
                {
                  "condition": "location_check",
                  "predicate": {
                    "block": {
                      "state": {
                        "south": "none"
                      }
                    }
                  }
                }
              ]
            },
            {
              "type": "loot_table",
              "value": "bs.block:get/31",
              "functions": [
                {
                  "function": "set_custom_data",
                  "tag": "{\"properties\":{\"south\":\"low\"},\"_\":{4:\"south=low,\"}}"
                }
              ],
              "conditions": [
                {
                  "condition": "location_check",
                  "predicate": {
                    "block": {
                      "state": {
                        "south": "low"
                      }
                    }
                  }
                }
              ]
            },
            {
              "type": "loot_table",
              "value": "bs.block:get/31",
              "functions": [
                {
                  "function": "set_custom_data",
                  "tag": "{\"properties\":{\"south\":\"tall\"},\"_\":{4:\"south=tall,\"}}"
                }
              ],
              "conditions": [
                {
                  "condition": "location_check",
                  "predicate": {
                    "block": {
                      "state": {
                        "south": "tall"
                      }
                    }
                  }
                }
              ]
            }
          ]
        }
      ]
    }
  ]
}
