{
  "pools": [
    {
      "rolls": 1,
      "entries": [
        {
          "type": "alternatives",
          "children": [
            {
              "type": "loot_table",
              "value": "bs.block:get/32",
              "functions": [
                {
                  "function": "set_custom_data",
                  "tag": "{\"properties\":{\"west\":\"none\"},\"_\":{5:\"west=none,\"}}"
                }
              ],
              "conditions": [
                {
                  "condition": "location_check",
                  "predicate": {
                    "block": {
                      "state": {
                        "west": "none"
                      }
                    }
                  }
                }
              ]
            },
            {
              "type": "loot_table",
              "value": "bs.block:get/32",
              "functions": [
                {
                  "function": "set_custom_data",
                  "tag": "{\"properties\":{\"west\":\"low\"},\"_\":{5:\"west=low,\"}}"
                }
              ],
              "conditions": [
                {
                  "condition": "location_check",
                  "predicate": {
                    "block": {
                      "state": {
                        "west": "low"
                      }
                    }
                  }
                }
              ]
            },
            {
              "type": "loot_table",
              "value": "bs.block:get/32",
              "functions": [
                {
                  "function": "set_custom_data",
                  "tag": "{\"properties\":{\"west\":\"tall\"},\"_\":{5:\"west=tall,\"}}"
                }
              ],
              "conditions": [
                {
                  "condition": "location_check",
                  "predicate": {
                    "block": {
                      "state": {
                        "west": "tall"
                      }
                    }
                  }
                }
              ]
            }
          ]
        }
      ]
    }
  ]
}
