{
  "pools": [
    {
      "rolls": 1,
      "entries": [
        {
          "type": "alternatives",
          "children": [
            {
              "type": "loot_table",
              "value": "bs.block:get/45",
              "functions": [
                {
                  "function": "set_custom_data",
                  "tag": "{\"properties\":{\"candles\":\"1\"},\"_\":{2:\"candles=1,\"}}"
                }
              ],
              "conditions": [
                {
                  "condition": "location_check",
                  "predicate": {
                    "block": {
                      "state": {
                        "candles": "1"
                      }
                    }
                  }
                }
              ]
            },
            {
              "type": "loot_table",
              "value": "bs.block:get/45",
              "functions": [
                {
                  "function": "set_custom_data",
                  "tag": "{\"properties\":{\"candles\":\"2\"},\"_\":{2:\"candles=2,\"}}"
                }
              ],
              "conditions": [
                {
                  "condition": "location_check",
                  "predicate": {
                    "block": {
                      "state": {
                        "candles": "2"
                      }
                    }
                  }
                }
              ]
            },
            {
              "type": "loot_table",
              "value": "bs.block:get/45",
              "functions": [
                {
                  "function": "set_custom_data",
                  "tag": "{\"properties\":{\"candles\":\"3\"},\"_\":{2:\"candles=3,\"}}"
                }
              ],
              "conditions": [
                {
                  "condition": "location_check",
                  "predicate": {
                    "block": {
                      "state": {
                        "candles": "3"
                      }
                    }
                  }
                }
              ]
            },
            {
              "type": "loot_table",
              "value": "bs.block:get/45",
              "functions": [
                {
                  "function": "set_custom_data",
                  "tag": "{\"properties\":{\"candles\":\"4\"},\"_\":{2:\"candles=4,\"}}"
                }
              ],
              "conditions": [
                {
                  "condition": "location_check",
                  "predicate": {
                    "block": {
                      "state": {
                        "candles": "4"
                      }
                    }
                  }
                }
              ]
            }
          ]
        }
      ]
    }
  ]
}
