{
  "pools": [
    {
      "rolls": 1,
      "entries": [
        {
          "type": "alternatives",
          "children": [
            {
              "type": "loot_table",
              "value": "bs.block:get/5",
              "functions": [
                {
                  "function": "set_custom_data",
                  "tag": "{\"_\":{4:\"hinge=left,\"},properties:{hinge:\"left\"}}"
                }
              ],
              "conditions": [
                {
                  "condition": "location_check",
                  "predicate": {
                    "block": {
                      "state": {
                        "hinge": "left"
                      }
                    }
                  }
                }
              ]
            },
            {
              "type": "loot_table",
              "value": "bs.block:get/5",
              "functions": [
                {
                  "function": "set_custom_data",
                  "tag": "{\"_\":{4:\"hinge=right,\"},properties:{hinge:\"right\"}}"
                }
              ],
              "conditions": [
                {
                  "condition": "location_check",
                  "predicate": {
                    "block": {
                      "state": {
                        "hinge": "right"
                      }
                    }
                  }
                }
              ]
            }
          ]
        }
      ]
    }
  ]
}
