{
  "pools": [
    {
      "rolls": 1,
      "entries": [
        {
          "type": "alternatives",
          "children": [
            {
              "type": "loot_table",
              "value": "bs.block:get/21",
              "functions": [
                {
                  "function": "set_custom_data",
                  "tag": "{\"properties\":{\"power\":\"0\"},\"_\":{2:\"power=0,\"}}"
                }
              ],
              "conditions": [
                {
                  "condition": "location_check",
                  "predicate": {
                    "block": {
                      "state": {
                        "power": "0"
                      }
                    }
                  }
                }
              ]
            },
            {
              "type": "loot_table",
              "value": "bs.block:get/21",
              "functions": [
                {
                  "function": "set_custom_data",
                  "tag": "{\"properties\":{\"power\":\"1\"},\"_\":{2:\"power=1,\"}}"
                }
              ],
              "conditions": [
                {
                  "condition": "location_check",
                  "predicate": {
                    "block": {
                      "state": {
                        "power": "1"
                      }
                    }
                  }
                }
              ]
            },
            {
              "type": "loot_table",
              "value": "bs.block:get/21",
              "functions": [
                {
                  "function": "set_custom_data",
                  "tag": "{\"properties\":{\"power\":\"2\"},\"_\":{2:\"power=2,\"}}"
                }
              ],
              "conditions": [
                {
                  "condition": "location_check",
                  "predicate": {
                    "block": {
                      "state": {
                        "power": "2"
                      }
                    }
                  }
                }
              ]
            },
            {
              "type": "loot_table",
              "value": "bs.block:get/21",
              "functions": [
                {
                  "function": "set_custom_data",
                  "tag": "{\"properties\":{\"power\":\"3\"},\"_\":{2:\"power=3,\"}}"
                }
              ],
              "conditions": [
                {
                  "condition": "location_check",
                  "predicate": {
                    "block": {
                      "state": {
                        "power": "3"
                      }
                    }
                  }
                }
              ]
            },
            {
              "type": "loot_table",
              "value": "bs.block:get/21",
              "functions": [
                {
                  "function": "set_custom_data",
                  "tag": "{\"properties\":{\"power\":\"4\"},\"_\":{2:\"power=4,\"}}"
                }
              ],
              "conditions": [
                {
                  "condition": "location_check",
                  "predicate": {
                    "block": {
                      "state": {
                        "power": "4"
                      }
                    }
                  }
                }
              ]
            },
            {
              "type": "loot_table",
              "value": "bs.block:get/21",
              "functions": [
                {
                  "function": "set_custom_data",
                  "tag": "{\"properties\":{\"power\":\"5\"},\"_\":{2:\"power=5,\"}}"
                }
              ],
              "conditions": [
                {
                  "condition": "location_check",
                  "predicate": {
                    "block": {
                      "state": {
                        "power": "5"
                      }
                    }
                  }
                }
              ]
            },
            {
              "type": "loot_table",
              "value": "bs.block:get/21",
              "functions": [
                {
                  "function": "set_custom_data",
                  "tag": "{\"properties\":{\"power\":\"6\"},\"_\":{2:\"power=6,\"}}"
                }
              ],
              "conditions": [
                {
                  "condition": "location_check",
                  "predicate": {
                    "block": {
                      "state": {
                        "power": "6"
                      }
                    }
                  }
                }
              ]
            },
            {
              "type": "loot_table",
              "value": "bs.block:get/21",
              "functions": [
                {
                  "function": "set_custom_data",
                  "tag": "{\"properties\":{\"power\":\"7\"},\"_\":{2:\"power=7,\"}}"
                }
              ],
              "conditions": [
                {
                  "condition": "location_check",
                  "predicate": {
                    "block": {
                      "state": {
                        "power": "7"
                      }
                    }
                  }
                }
              ]
            },
            {
              "type": "loot_table",
              "value": "bs.block:get/21",
              "functions": [
                {
                  "function": "set_custom_data",
                  "tag": "{\"properties\":{\"power\":\"8\"},\"_\":{2:\"power=8,\"}}"
                }
              ],
              "conditions": [
                {
                  "condition": "location_check",
                  "predicate": {
                    "block": {
                      "state": {
                        "power": "8"
                      }
                    }
                  }
                }
              ]
            },
            {
              "type": "loot_table",
              "value": "bs.block:get/21",
              "functions": [
                {
                  "function": "set_custom_data",
                  "tag": "{\"properties\":{\"power\":\"9\"},\"_\":{2:\"power=9,\"}}"
                }
              ],
              "conditions": [
                {
                  "condition": "location_check",
                  "predicate": {
                    "block": {
                      "state": {
                        "power": "9"
                      }
                    }
                  }
                }
              ]
            },
            {
              "type": "loot_table",
              "value": "bs.block:get/21",
              "functions": [
                {
                  "function": "set_custom_data",
                  "tag": "{\"properties\":{\"power\":\"10\"},\"_\":{2:\"power=10,\"}}"
                }
              ],
              "conditions": [
                {
                  "condition": "location_check",
                  "predicate": {
                    "block": {
                      "state": {
                        "power": "10"
                      }
                    }
                  }
                }
              ]
            },
            {
              "type": "loot_table",
              "value": "bs.block:get/21",
              "functions": [
                {
                  "function": "set_custom_data",
                  "tag": "{\"properties\":{\"power\":\"11\"},\"_\":{2:\"power=11,\"}}"
                }
              ],
              "conditions": [
                {
                  "condition": "location_check",
                  "predicate": {
                    "block": {
                      "state": {
                        "power": "11"
                      }
                    }
                  }
                }
              ]
            },
            {
              "type": "loot_table",
              "value": "bs.block:get/21",
              "functions": [
                {
                  "function": "set_custom_data",
                  "tag": "{\"properties\":{\"power\":\"12\"},\"_\":{2:\"power=12,\"}}"
                }
              ],
              "conditions": [
                {
                  "condition": "location_check",
                  "predicate": {
                    "block": {
                      "state": {
                        "power": "12"
                      }
                    }
                  }
                }
              ]
            },
            {
              "type": "loot_table",
              "value": "bs.block:get/21",
              "functions": [
                {
                  "function": "set_custom_data",
                  "tag": "{\"properties\":{\"power\":\"13\"},\"_\":{2:\"power=13,\"}}"
                }
              ],
              "conditions": [
                {
                  "condition": "location_check",
                  "predicate": {
                    "block": {
                      "state": {
                        "power": "13"
                      }
                    }
                  }
                }
              ]
            },
            {
              "type": "loot_table",
              "value": "bs.block:get/21",
              "functions": [
                {
                  "function": "set_custom_data",
                  "tag": "{\"properties\":{\"power\":\"14\"},\"_\":{2:\"power=14,\"}}"
                }
              ],
              "conditions": [
                {
                  "condition": "location_check",
                  "predicate": {
                    "block": {
                      "state": {
                        "power": "14"
                      }
                    }
                  }
                }
              ]
            },
            {
              "type": "loot_table",
              "value": "bs.block:get/21",
              "functions": [
                {
                  "function": "set_custom_data",
                  "tag": "{\"properties\":{\"power\":\"15\"},\"_\":{2:\"power=15,\"}}"
                }
              ],
              "conditions": [
                {
                  "condition": "location_check",
                  "predicate": {
                    "block": {
                      "state": {
                        "power": "15"
                      }
                    }
                  }
                }
              ]
            }
          ]
        }
      ]
    }
  ]
}
