{
  "pools": [
    {
      "rolls": 1,
      "entries": [
        {
          "type": "alternatives",
          "children": [
            {
              "type": "item",
              "name": "egg",
              "functions": [
                {
                  "function": "set_custom_data",
                  "tag": "{\"_\":{0:\"age=0,\"},properties:{age:\"0\"}}"
                }
              ],
              "conditions": [
                {
                  "condition": "location_check",
                  "predicate": {
                    "block": {
                      "state": {
                        "age": "0"
                      }
                    }
                  }
                }
              ]
            },
            {
              "type": "item",
              "name": "egg",
              "functions": [
                {
                  "function": "set_custom_data",
                  "tag": "{\"_\":{0:\"age=1,\"},properties:{age:\"1\"}}"
                }
              ],
              "conditions": [
                {
                  "condition": "location_check",
                  "predicate": {
                    "block": {
                      "state": {
                        "age": "1"
                      }
                    }
                  }
                }
              ]
            },
            {
              "type": "item",
              "name": "egg",
              "functions": [
                {
                  "function": "set_custom_data",
                  "tag": "{\"_\":{0:\"age=2,\"},properties:{age:\"2\"}}"
                }
              ],
              "conditions": [
                {
                  "condition": "location_check",
                  "predicate": {
                    "block": {
                      "state": {
                        "age": "2"
                      }
                    }
                  }
                }
              ]
            },
            {
              "type": "item",
              "name": "egg",
              "functions": [
                {
                  "function": "set_custom_data",
                  "tag": "{\"_\":{0:\"age=3,\"},properties:{age:\"3\"}}"
                }
              ],
              "conditions": [
                {
                  "condition": "location_check",
                  "predicate": {
                    "block": {
                      "state": {
                        "age": "3"
                      }
                    }
                  }
                }
              ]
            },
            {
              "type": "item",
              "name": "egg",
              "functions": [
                {
                  "function": "set_custom_data",
                  "tag": "{\"_\":{0:\"age=4,\"},properties:{age:\"4\"}}"
                }
              ],
              "conditions": [
                {
                  "condition": "location_check",
                  "predicate": {
                    "block": {
                      "state": {
                        "age": "4"
                      }
                    }
                  }
                }
              ]
            },
            {
              "type": "item",
              "name": "egg",
              "functions": [
                {
                  "function": "set_custom_data",
                  "tag": "{\"_\":{0:\"age=5,\"},properties:{age:\"5\"}}"
                }
              ],
              "conditions": [
                {
                  "condition": "location_check",
                  "predicate": {
                    "block": {
                      "state": {
                        "age": "5"
                      }
                    }
                  }
                }
              ]
            },
            {
              "type": "item",
              "name": "egg",
              "functions": [
                {
                  "function": "set_custom_data",
                  "tag": "{\"_\":{0:\"age=6,\"},properties:{age:\"6\"}}"
                }
              ],
              "conditions": [
                {
                  "condition": "location_check",
                  "predicate": {
                    "block": {
                      "state": {
                        "age": "6"
                      }
                    }
                  }
                }
              ]
            },
            {
              "type": "item",
              "name": "egg",
              "functions": [
                {
                  "function": "set_custom_data",
                  "tag": "{\"_\":{0:\"age=7,\"},properties:{age:\"7\"}}"
                }
              ],
              "conditions": [
                {
                  "condition": "location_check",
                  "predicate": {
                    "block": {
                      "state": {
                        "age": "7"
                      }
                    }
                  }
                }
              ]
            },
            {
              "type": "item",
              "name": "egg",
              "functions": [
                {
                  "function": "set_custom_data",
                  "tag": "{\"_\":{0:\"age=8,\"},properties:{age:\"8\"}}"
                }
              ],
              "conditions": [
                {
                  "condition": "location_check",
                  "predicate": {
                    "block": {
                      "state": {
                        "age": "8"
                      }
                    }
                  }
                }
              ]
            },
            {
              "type": "item",
              "name": "egg",
              "functions": [
                {
                  "function": "set_custom_data",
                  "tag": "{\"_\":{0:\"age=9,\"},properties:{age:\"9\"}}"
                }
              ],
              "conditions": [
                {
                  "condition": "location_check",
                  "predicate": {
                    "block": {
                      "state": {
                        "age": "9"
                      }
                    }
                  }
                }
              ]
            },
            {
              "type": "item",
              "name": "egg",
              "functions": [
                {
                  "function": "set_custom_data",
                  "tag": "{\"_\":{0:\"age=10,\"},properties:{age:\"10\"}}"
                }
              ],
              "conditions": [
                {
                  "condition": "location_check",
                  "predicate": {
                    "block": {
                      "state": {
                        "age": "10"
                      }
                    }
                  }
                }
              ]
            },
            {
              "type": "item",
              "name": "egg",
              "functions": [
                {
                  "function": "set_custom_data",
                  "tag": "{\"_\":{0:\"age=11,\"},properties:{age:\"11\"}}"
                }
              ],
              "conditions": [
                {
                  "condition": "location_check",
                  "predicate": {
                    "block": {
                      "state": {
                        "age": "11"
                      }
                    }
                  }
                }
              ]
            },
            {
              "type": "item",
              "name": "egg",
              "functions": [
                {
                  "function": "set_custom_data",
                  "tag": "{\"_\":{0:\"age=12,\"},properties:{age:\"12\"}}"
                }
              ],
              "conditions": [
                {
                  "condition": "location_check",
                  "predicate": {
                    "block": {
                      "state": {
                        "age": "12"
                      }
                    }
                  }
                }
              ]
            },
            {
              "type": "item",
              "name": "egg",
              "functions": [
                {
                  "function": "set_custom_data",
                  "tag": "{\"_\":{0:\"age=13,\"},properties:{age:\"13\"}}"
                }
              ],
              "conditions": [
                {
                  "condition": "location_check",
                  "predicate": {
                    "block": {
                      "state": {
                        "age": "13"
                      }
                    }
                  }
                }
              ]
            },
            {
              "type": "item",
              "name": "egg",
              "functions": [
                {
                  "function": "set_custom_data",
                  "tag": "{\"_\":{0:\"age=14,\"},properties:{age:\"14\"}}"
                }
              ],
              "conditions": [
                {
                  "condition": "location_check",
                  "predicate": {
                    "block": {
                      "state": {
                        "age": "14"
                      }
                    }
                  }
                }
              ]
            },
            {
              "type": "item",
              "name": "egg",
              "functions": [
                {
                  "function": "set_custom_data",
                  "tag": "{\"_\":{0:\"age=15,\"},properties:{age:\"15\"}}"
                }
              ],
              "conditions": [
                {
                  "condition": "location_check",
                  "predicate": {
                    "block": {
                      "state": {
                        "age": "15"
                      }
                    }
                  }
                }
              ]
            },
            {
              "type": "item",
              "name": "egg",
              "functions": [
                {
                  "function": "set_custom_data",
                  "tag": "{\"_\":{0:\"age=16,\"},properties:{age:\"16\"}}"
                }
              ],
              "conditions": [
                {
                  "condition": "location_check",
                  "predicate": {
                    "block": {
                      "state": {
                        "age": "16"
                      }
                    }
                  }
                }
              ]
            },
            {
              "type": "item",
              "name": "egg",
              "functions": [
                {
                  "function": "set_custom_data",
                  "tag": "{\"_\":{0:\"age=17,\"},properties:{age:\"17\"}}"
                }
              ],
              "conditions": [
                {
                  "condition": "location_check",
                  "predicate": {
                    "block": {
                      "state": {
                        "age": "17"
                      }
                    }
                  }
                }
              ]
            },
            {
              "type": "item",
              "name": "egg",
              "functions": [
                {
                  "function": "set_custom_data",
                  "tag": "{\"_\":{0:\"age=18,\"},properties:{age:\"18\"}}"
                }
              ],
              "conditions": [
                {
                  "condition": "location_check",
                  "predicate": {
                    "block": {
                      "state": {
                        "age": "18"
                      }
                    }
                  }
                }
              ]
            },
            {
              "type": "item",
              "name": "egg",
              "functions": [
                {
                  "function": "set_custom_data",
                  "tag": "{\"_\":{0:\"age=19,\"},properties:{age:\"19\"}}"
                }
              ],
              "conditions": [
                {
                  "condition": "location_check",
                  "predicate": {
                    "block": {
                      "state": {
                        "age": "19"
                      }
                    }
                  }
                }
              ]
            },
            {
              "type": "item",
              "name": "egg",
              "functions": [
                {
                  "function": "set_custom_data",
                  "tag": "{\"_\":{0:\"age=20,\"},properties:{age:\"20\"}}"
                }
              ],
              "conditions": [
                {
                  "condition": "location_check",
                  "predicate": {
                    "block": {
                      "state": {
                        "age": "20"
                      }
                    }
                  }
                }
              ]
            },
            {
              "type": "item",
              "name": "egg",
              "functions": [
                {
                  "function": "set_custom_data",
                  "tag": "{\"_\":{0:\"age=21,\"},properties:{age:\"21\"}}"
                }
              ],
              "conditions": [
                {
                  "condition": "location_check",
                  "predicate": {
                    "block": {
                      "state": {
                        "age": "21"
                      }
                    }
                  }
                }
              ]
            },
            {
              "type": "item",
              "name": "egg",
              "functions": [
                {
                  "function": "set_custom_data",
                  "tag": "{\"_\":{0:\"age=22,\"},properties:{age:\"22\"}}"
                }
              ],
              "conditions": [
                {
                  "condition": "location_check",
                  "predicate": {
                    "block": {
                      "state": {
                        "age": "22"
                      }
                    }
                  }
                }
              ]
            },
            {
              "type": "item",
              "name": "egg",
              "functions": [
                {
                  "function": "set_custom_data",
                  "tag": "{\"_\":{0:\"age=23,\"},properties:{age:\"23\"}}"
                }
              ],
              "conditions": [
                {
                  "condition": "location_check",
                  "predicate": {
                    "block": {
                      "state": {
                        "age": "23"
                      }
                    }
                  }
                }
              ]
            },
            {
              "type": "item",
              "name": "egg",
              "functions": [
                {
                  "function": "set_custom_data",
                  "tag": "{\"_\":{0:\"age=24,\"},properties:{age:\"24\"}}"
                }
              ],
              "conditions": [
                {
                  "condition": "location_check",
                  "predicate": {
                    "block": {
                      "state": {
                        "age": "24"
                      }
                    }
                  }
                }
              ]
            },
            {
              "type": "item",
              "name": "egg",
              "functions": [
                {
                  "function": "set_custom_data",
                  "tag": "{\"_\":{0:\"age=25,\"},properties:{age:\"25\"}}"
                }
              ],
              "conditions": [
                {
                  "condition": "location_check",
                  "predicate": {
                    "block": {
                      "state": {
                        "age": "25"
                      }
                    }
                  }
                }
              ]
            }
          ]
        }
      ]
    }
  ]
}
