{
  "pools": [
    {
      "rolls": 1,
      "entries": [
        {
          "type": "alternatives",
          "children": [
            {
              "type": "loot_table",
              "value": "bs.block:get/21",
              "functions": [
                {
                  "function": "set_custom_data",
                  "tag": "{\"properties\":{\"type\":\"single\"},\"_\":{2:\"type=single,\"}}"
                }
              ],
              "conditions": [
                {
                  "condition": "location_check",
                  "predicate": {
                    "block": {
                      "state": {
                        "type": "single"
                      }
                    }
                  }
                }
              ]
            },
            {
              "type": "loot_table",
              "value": "bs.block:get/21",
              "functions": [
                {
                  "function": "set_custom_data",
                  "tag": "{\"properties\":{\"type\":\"left\"},\"_\":{2:\"type=left,\"}}"
                }
              ],
              "conditions": [
                {
                  "condition": "location_check",
                  "predicate": {
                    "block": {
                      "state": {
                        "type": "left"
                      }
                    }
                  }
                }
              ]
            },
            {
              "type": "loot_table",
              "value": "bs.block:get/21",
              "functions": [
                {
                  "function": "set_custom_data",
                  "tag": "{\"properties\":{\"type\":\"right\"},\"_\":{2:\"type=right,\"}}"
                }
              ],
              "conditions": [
                {
                  "condition": "location_check",
                  "predicate": {
                    "block": {
                      "state": {
                        "type": "right"
                      }
                    }
                  }
                }
              ]
            }
          ]
        }
      ]
    }
  ]
}
