{
  "pools": [
    {
      "rolls": 1,
      "entries": [
        {
          "type": "alternatives",
          "children": [
            {
              "type": "loot_table",
              "value": "bs.block:get/75",
              "functions": [
                {
                  "function": "set_custom_data",
                  "tag": "{\"_\":{5:\"slot_4_occupied=false,\"},properties:{\"slot_4_occupied\":\"false\"}}"
                }
              ],
              "conditions": [
                {
                  "condition": "location_check",
                  "predicate": {
                    "block": {
                      "state": {
                        "slot_4_occupied": "false"
                      }
                    }
                  }
                }
              ]
            },
            {
              "type": "loot_table",
              "value": "bs.block:get/75",
              "functions": [
                {
                  "function": "set_custom_data",
                  "tag": "{\"_\":{5:\"slot_4_occupied=true,\"},properties:{\"slot_4_occupied\":\"true\"}}"
                }
              ],
              "conditions": [
                {
                  "condition": "location_check",
                  "predicate": {
                    "block": {
                      "state": {
                        "slot_4_occupied": "true"
                      }
                    }
                  }
                }
              ]
            }
          ]
        }
      ]
    }
  ]
}
