{
  "pools": [
    {
      "rolls": 1,
      "entries": [
        {
          "type": "alternatives",
          "children": [
            {
              "type": "loot_table",
              "value": "bs.block:get/56",
              "functions": [
                {
                  "function": "set_custom_data",
                  "tag": "{\"_\":{5:\"age=0,\"},properties:{age:\"0\"}}"
                }
              ],
              "conditions": [
                {
                  "condition": "location_check",
                  "predicate": {
                    "block": {
                      "state": {
                        "age": "0"
                      }
                    }
                  }
                }
              ]
            },
            {
              "type": "loot_table",
              "value": "bs.block:get/56",
              "functions": [
                {
                  "function": "set_custom_data",
                  "tag": "{\"_\":{5:\"age=1,\"},properties:{age:\"1\"}}"
                }
              ],
              "conditions": [
                {
                  "condition": "location_check",
                  "predicate": {
                    "block": {
                      "state": {
                        "age": "1"
                      }
                    }
                  }
                }
              ]
            },
            {
              "type": "loot_table",
              "value": "bs.block:get/56",
              "functions": [
                {
                  "function": "set_custom_data",
                  "tag": "{\"_\":{5:\"age=2,\"},properties:{age:\"2\"}}"
                }
              ],
              "conditions": [
                {
                  "condition": "location_check",
                  "predicate": {
                    "block": {
                      "state": {
                        "age": "2"
                      }
                    }
                  }
                }
              ]
            },
            {
              "type": "loot_table",
              "value": "bs.block:get/56",
              "functions": [
                {
                  "function": "set_custom_data",
                  "tag": "{\"_\":{5:\"age=3,\"},properties:{age:\"3\"}}"
                }
              ],
              "conditions": [
                {
                  "condition": "location_check",
                  "predicate": {
                    "block": {
                      "state": {
                        "age": "3"
                      }
                    }
                  }
                }
              ]
            },
            {
              "type": "loot_table",
              "value": "bs.block:get/56",
              "functions": [
                {
                  "function": "set_custom_data",
                  "tag": "{\"_\":{5:\"age=4,\"},properties:{age:\"4\"}}"
                }
              ],
              "conditions": [
                {
                  "condition": "location_check",
                  "predicate": {
                    "block": {
                      "state": {
                        "age": "4"
                      }
                    }
                  }
                }
              ]
            },
            {
              "type": "loot_table",
              "value": "bs.block:get/56",
              "functions": [
                {
                  "function": "set_custom_data",
                  "tag": "{\"_\":{5:\"age=5,\"},properties:{age:\"5\"}}"
                }
              ],
              "conditions": [
                {
                  "condition": "location_check",
                  "predicate": {
                    "block": {
                      "state": {
                        "age": "5"
                      }
                    }
                  }
                }
              ]
            },
            {
              "type": "loot_table",
              "value": "bs.block:get/56",
              "functions": [
                {
                  "function": "set_custom_data",
                  "tag": "{\"_\":{5:\"age=6,\"},properties:{age:\"6\"}}"
                }
              ],
              "conditions": [
                {
                  "condition": "location_check",
                  "predicate": {
                    "block": {
                      "state": {
                        "age": "6"
                      }
                    }
                  }
                }
              ]
            },
            {
              "type": "loot_table",
              "value": "bs.block:get/56",
              "functions": [
                {
                  "function": "set_custom_data",
                  "tag": "{\"_\":{5:\"age=7,\"},properties:{age:\"7\"}}"
                }
              ],
              "conditions": [
                {
                  "condition": "location_check",
                  "predicate": {
                    "block": {
                      "state": {
                        "age": "7"
                      }
                    }
                  }
                }
              ]
            },
            {
              "type": "loot_table",
              "value": "bs.block:get/56",
              "functions": [
                {
                  "function": "set_custom_data",
                  "tag": "{\"_\":{5:\"age=8,\"},properties:{age:\"8\"}}"
                }
              ],
              "conditions": [
                {
                  "condition": "location_check",
                  "predicate": {
                    "block": {
                      "state": {
                        "age": "8"
                      }
                    }
                  }
                }
              ]
            },
            {
              "type": "loot_table",
              "value": "bs.block:get/56",
              "functions": [
                {
                  "function": "set_custom_data",
                  "tag": "{\"_\":{5:\"age=9,\"},properties:{age:\"9\"}}"
                }
              ],
              "conditions": [
                {
                  "condition": "location_check",
                  "predicate": {
                    "block": {
                      "state": {
                        "age": "9"
                      }
                    }
                  }
                }
              ]
            },
            {
              "type": "loot_table",
              "value": "bs.block:get/56",
              "functions": [
                {
                  "function": "set_custom_data",
                  "tag": "{\"_\":{5:\"age=10,\"},properties:{age:\"10\"}}"
                }
              ],
              "conditions": [
                {
                  "condition": "location_check",
                  "predicate": {
                    "block": {
                      "state": {
                        "age": "10"
                      }
                    }
                  }
                }
              ]
            },
            {
              "type": "loot_table",
              "value": "bs.block:get/56",
              "functions": [
                {
                  "function": "set_custom_data",
                  "tag": "{\"_\":{5:\"age=11,\"},properties:{age:\"11\"}}"
                }
              ],
              "conditions": [
                {
                  "condition": "location_check",
                  "predicate": {
                    "block": {
                      "state": {
                        "age": "11"
                      }
                    }
                  }
                }
              ]
            },
            {
              "type": "loot_table",
              "value": "bs.block:get/56",
              "functions": [
                {
                  "function": "set_custom_data",
                  "tag": "{\"_\":{5:\"age=12,\"},properties:{age:\"12\"}}"
                }
              ],
              "conditions": [
                {
                  "condition": "location_check",
                  "predicate": {
                    "block": {
                      "state": {
                        "age": "12"
                      }
                    }
                  }
                }
              ]
            },
            {
              "type": "loot_table",
              "value": "bs.block:get/56",
              "functions": [
                {
                  "function": "set_custom_data",
                  "tag": "{\"_\":{5:\"age=13,\"},properties:{age:\"13\"}}"
                }
              ],
              "conditions": [
                {
                  "condition": "location_check",
                  "predicate": {
                    "block": {
                      "state": {
                        "age": "13"
                      }
                    }
                  }
                }
              ]
            },
            {
              "type": "loot_table",
              "value": "bs.block:get/56",
              "functions": [
                {
                  "function": "set_custom_data",
                  "tag": "{\"_\":{5:\"age=14,\"},properties:{age:\"14\"}}"
                }
              ],
              "conditions": [
                {
                  "condition": "location_check",
                  "predicate": {
                    "block": {
                      "state": {
                        "age": "14"
                      }
                    }
                  }
                }
              ]
            },
            {
              "type": "loot_table",
              "value": "bs.block:get/56",
              "functions": [
                {
                  "function": "set_custom_data",
                  "tag": "{\"_\":{5:\"age=15,\"},properties:{age:\"15\"}}"
                }
              ],
              "conditions": [
                {
                  "condition": "location_check",
                  "predicate": {
                    "block": {
                      "state": {
                        "age": "15"
                      }
                    }
                  }
                }
              ]
            }
          ]
        }
      ]
    }
  ]
}
